pc1,pc2,pc3,pc4,pc5
-0.6696899775103844,-1.134374236168735,-0.6280447874230185,-0.34225166718866784,-1.357647957832675
3.238164892106613,-1.5794380338823208,0.02590672528424372,-1.332478217373959,0.6127843104718794
4.173247510583546,-1.612057071981411,-0.9262042302213616,-1.429739385733987,0.6643727398726449
1.1697088137314444,-1.2065342738986233,0.7559474565916016,1.8553525540690203,1.993266591788324
-0.7574359472826505,-1.213726133318505,-0.12708873311626187,2.291135583625353,1.762538556019481
-1.8634546782444406,2.045549761222644,1.6386238750605047,0.5851533703476639,-0.1286150676921783
-0.9870133675345413,-1.051575644844789,-0.9090295774328593,-0.02402886495979344,-0.12773949946560065
1.7631597894903157,0.5645716191310263,-3.301391727031375,0.948305111650475,1.2662614585815846
0.3831777335942123,0.6429015176018381,-2.8481475570669965,-1.0353376957835887,0.8154624122476088
-0.4258876990685417,1.759860223088246,-0.31372437743132986,-0.602893150431332,0.06069408652831452
0.4018386043790638,3.0501928698559513,-0.26333230479744885,1.0710595418286601,0.07113196792913773
1.8874640050250144,-0.7826961008872694,-0.42380968624307014,-2.1081761169789623,1.2428791652584423
2.5388545058892267,1.245588448321204,2.378359645280431,1.0267780133636097,0.8408340490382145
-0.3492099180428202,-1.5627554551119887,-2.1183125729481,2.2402777909926566,1.7380153971474441
1.1609449934528786,-1.152586390711049,2.6390404287567586,-0.9532787456798404,0.1847206132899496
1.8697874308317952,0.43852596061416377,3.4551275952181855,-1.7102128797624334,0.33962988252351517
0.17440919598187518,0.1557133956776879,2.565369866525251,0.5962583322523822,1.324010798106645
1.2081877347116885,0.15464382531637408,-1.5966141828546354,0.9568172189223171,-0.6576366583024501
-0.575031359014271,0.16968740688009062,0.35870056177000226,-0.9417672400745538,0.327258682414806
2.9445377914058417,-0.48711275116998437,-0.8814610662029142,1.843834115792214,-1.9134889780056674
1.7189586246597688,-2.2766868882489626,2.2113234671031328,-0.7254341629980955,-0.2677535403976012
-0.08493395621883476,2.436093059114436,-0.34326217370302237,-0.7264458829677493,-0.31889405820169126
1.9582144022792372,-0.052350318203956546,-1.1705473494419676,-0.127000802165765,-0.8403622426417853
-0.2782893916182287,-0.6095087169123448,1.0256091088318995,-1.4316093015574347,1.8975475396475485
-0.12639915921389533,0.7902619111251041,0.17507918442864162,1.0835782978776973,-0.07365281914871406
0.8995890495329318,0.11007296027234484,-0.2757838595776846,-0.7512386230783821,-1.341945392097158
0.7149105059954391,1.3191764389991725,0.5785858382413345,-0.6002752135698697,-1.6291756162741053
0.2957324923946253,1.4350540466569188,-1.2059544080718951,-0.000329311186439795,1.3980422828975425
-0.1330639921090595,0.9612907307399863,-1.3778751137575376,1.6846554266152411,0.9785156458669046
2.5100281472179233,-1.1135999549486155,2.814749735543748,-1.2458107617075513,0.05544133275594709
1.837659859384242,0.9782332360783503,-0.14059938223021184,0.8273692669521988,3.392619325963989
1.0207826632647843,-0.24519065319554662,-0.7713203359923553,-0.13843559509750955,-0.18619241386528076
-2.5319333185102826,1.3333685529231536,0.7956056323387333,-0.377184148296834,0.4616787093869773
-0.03540454030902062,-0.7722957124371584,2.036295380422998,-1.0528897549685112,1.2930488424902356
-0.029850013570009205,1.1542291249633863,1.8643317583788348,1.4587537555449621,-1.3973384758019018
4.227983637617686,-1.3837480416549357,-0.4184805746258012,-1.2839885661246453,0.021277341373797224
0.48077253243617213,-2.999143937435435,1.2085796762248966,-0.619972956960127,0.938885205687101
0.8834668711413521,-2.749118812970856,1.9025599058987164,-0.18786865788383716,-0.1841355530388717
1.8894077950440051,0.3057629524997298,-0.7201711594877296,-0.7027489718290684,-1.9334523611952403
1.8701647552954297,1.4529249985500012,0.5996829293762498,-1.0498484417530622,-1.3710560995020433
2.0804594623057358,0.7832982944331265,-1.5451359319661084,2.023808562594915,0.9071280781785581
-0.5953613419868453,-1.8040076461475159,-0.12424745486197429,2.2845772715213637,-0.8782116985431773
-1.1472892425816459,-0.32942903636225584,-0.3063203759165983,1.8836272749394816,0.342658415045737
1.7962881126747445,-0.5081529494109194,-3.752176188955997,1.729288945834302,1.2080283861570333
1.5233946804508918,1.8220361163310885,0.4098337327696195,-0.29860597422593044,-2.049489235553895
2.4729416418828416,-2.7416899970715876,1.2046598088041018,2.2437874953032066,1.7331277102156606
0.2964228637789487,2.0373902260525765,-0.254740091386528,-1.1376867458460873,0.8530005427511687
-0.1233045318489787,-0.6870805239085704,1.2035469869905722,0.5567986351493943,-1.3536291173465658
1.7734475283067452,-0.10190283498450163,-0.8119710268576518,-0.33658035691857124,-1.551138089812273
0.19606735709036194,2.0302711609093143,1.407630004979623,1.6377287068425486,-0.5058558875529896
1.759107792560972,-1.9130411937043599,-1.2637595480970878,0.057140518894438344,-1.239415189022925
-0.6619320061340012,3.0179181539716153,-0.2587179791644898,-0.9802999080953931,-0.4097902731334168
-0.572554599689243,-0.19040494670073674,-1.2537449576721031,-0.6280975038966828,-0.3189031860983209
-0.8458079964723818,2.5371081154612867,-0.7271573963020115,1.1569619159042197,1.1831992296211815
0.3365797862368187,-0.8439607238343122,3.0984465226733358,-1.0853663517860288,1.2709466893683559
0.4742674946785187,-2.668760821193749,-0.17330952985365664,0.5280361895835615,-0.9232301591647044
-2.1160124446992645,2.510577049041266,0.5812856394074826,-0.9250223642984117,0.2880971217386938
2.472948992083928,-0.4915068875932578,-0.6937787384336542,-0.13270311466598778,-2.661343254754025
0.09987897648772155,3.273482517201379,-0.3569884274121581,0.5827536056742703,0.2687544081192726
1.6119209443591807,1.9513152669095986,-0.08311584212712371,0.1436634193778101,-1.2566564502017266
0.45455254407466156,-0.7932696035890927,-0.7674498317303898,0.05609248082219449,-1.4080791966754067
0.9064095389866856,-1.0393288425930816,1.282504889473356,2.6175533879634894,-1.9214797023384207
-0.14757923492757985,1.1733465340382756,2.9599330664643486,0.15292829349457546,-0.9991141344348577
0.4953099423650045,0.7858707014219459,-0.8607468458753853,-0.39560735924023904,-1.0230686371993334
-1.0453526889971658,0.48722483867971006,0.5939989014253294,1.497084304343082,0.10611961856557232
0.8428277736315133,-0.5374490236142768,0.3654735726853662,-0.0569205274343723,-1.8825800520694262
1.60499122330616,-1.2618124560371837,-0.6873049232590837,0.08276708036062862,-1.540861562338018
0.878762088040753,-1.5245419358548324,0.3682542413743727,3.047174124346987,-0.6024838671341075
1.675095134681112,-0.28535696334415545,-1.1213734271598415,-0.4705752815934292,-1.145194447487266
1.0614467938833576,1.7682442931294933,-0.5955253834562221,1.0126708953147845,-1.0482441836716652
-1.3468499529212739,-0.7896102539838994,0.6259595248447164,0.6838392630511863,-1.1747775251862023
-1.5205907181515286,1.7262029197806252,0.684471601515858,-0.2702311963806907,-0.602343415926044
1.097556669444125,-0.3512331964156374,-0.6271337516775025,-0.08690762769653314,-0.6265602615095941
1.484737857777424,0.13235112191048323,0.24214456138608537,1.141065555171654,3.2415141712992632
0.6057525449411164,-0.5252505777929897,-0.712961187809692,-1.3276780157853332,-0.35143421237440114
-0.942923673780111,-1.0790739252499884,0.8033335145437835,-0.0702218740625656,0.39013299989843186
0.9907911218930442,3.0738247712794853,0.8159846212113075,-0.7328885672290968,-1.6704905175372786
-0.3361086776974045,-2.869190952865186,-0.3410159374713621,-0.07192454708093586,0.4203734708839488
2.3382698554991315,-1.0682008039098208,-2.803519774725212,-0.6099856324713382,-0.7798523207439441
3.5954078679803003,-2.041513328718253,-0.3314660721724358,-1.1500001375301527,0.6336127608188094
2.940697289107202,0.6155656039290248,1.3708523941050887,-1.2927354951962617,0.17148463151309565
4.098555245411853,-0.47783148077828513,0.24682243842090124,-1.1399604898819862,-0.23380557423252382
0.30731334227910223,1.951873419177716,2.0447257334088644,0.1867066931684917,-2.2024157887649802
0.1722645176264984,0.9795981252468087,-1.656413961960796,1.0032020059174576,0.5440002825326258
3.9680077536289473,-0.8361923768493302,-0.33790885823867006,1.992027390343266,0.2210334884242576
-0.6987579295786449,-1.1971320074154346,-0.5952177675460383,2.5739221166488555,1.156349964577212
0.7307249837374399,0.38802527778444373,1.6373784393891573,0.25805578338171836,1.8272859333754197
0.15771830702598152,-0.8120504657681391,-0.7933679745830415,-0.8793795957726377,0.5453541914734432
1.2183000515515714,1.451885722874523,2.5065999903586653,-1.4751372044149276,1.8260853341601748
1.0798174319959157,2.731958916682016,-2.2336898887978354,0.9784045663538787,1.7188436387376425
-0.971404515240499,0.16546837025909775,-1.5264080932810087,-1.1941679417906192,0.30224499540125777
0.89886034763502,2.7126158290317672,0.10685924768606368,-0.9267686999436744,-0.7332775135304204
-0.4127207509662271,0.08269785106200353,-0.9703287752813679,-0.4846810174565557,0.14869710848609538
0.8136634938580247,0.36057251956892794,-0.2905847181252234,-1.101874986493969,0.7679480073191541
2.359917492852488,0.6064535828919703,2.6366055159928883,-1.6938392594631995,0.21273733748667548
2.346370239078113,0.2735625643944105,-1.4805480823692567,2.1158824711652,0.19846207410297842
1.9494529042208582,0.2894989767090961,0.5733619014062465,1.460864865981938,-0.37793257751513126
1.1663310674552712,1.606211604209729,-1.1493340624933652,0.6315192900148294,0.20630028788077595
-0.6936190331009633,-1.6043919831368987,0.7806861708864401,-0.021791724963537252,-0.23324288303519358
1.3263586982442461,-1.021891519540298,-1.8275579504346269,-0.5882560881193385,-0.8980122640346421
3.0678755984272366,-0.6423655215445462,-1.6361098082971897,-0.2225922332290302,-2.2269342717391085
0.9692672670453631,2.8766803966493986,0.4827313521241381,-0.7913518678959264,-1.197975361322339
2.389237511570327,1.499757366432307,-0.6518911000629946,-0.5564905094607936,-2.0177283481868593
3.573315456236488,-1.7995140521213453,0.20010845220810444,-1.0797809419288393,-0.07605415156997085
-0.282119571116935,2.6650820209314534,-0.5272388692385964,-1.1406421024870008,0.0040541013452874775
0.3675019471274381,0.7562971465013741,1.2698088430351533,-0.11794474994900236,-1.9671604151923892
0.5408943777941002,0.37858125244335256,0.6404415521067586,-1.6760257147508653,1.7831272618770124
2.7898365149102475,-1.4144259866290878,-1.8912943511266316,-1.8236222544601846,2.274622741613958
2.2133192926419154,-1.4284981103082335,-2.241578261656904,-1.9312699094182928,2.672665651785268
0.251986844978974,0.99677144626303,-2.0405622703914057,1.6955531693138757,1.3250183824137745
1.4038196093438364,1.8050176370067084,-0.3333204191863263,-0.3871357938745562,-0.6216362719824413
-2.1385593725132686,2.0768523165448114,0.4589453143075365,-0.7625745455604126,0.33105700630183205
3.086035710973337,1.290273081821621,-0.01232761735634995,-2.5029742425766845,1.4059462070177822
1.6501097212853502,0.053349935390060235,-0.057322284763376606,1.7298459921026732,-1.2376927960788322
2.017776451168756,1.429480283768477,-0.5137623630000567,0.959976355881285,-1.032442719364271
0.3744577949428049,-2.283422543763356,0.49778457887844746,-1.0374793851737854,1.2728779266631978
1.9579132249129778,-0.41593034186931693,-1.070048866875381,-0.2309292078588267,-1.3897564076732924
3.9928022671751817,-1.985490182704924,0.7091189968659637,-1.388914744669092,0.5380351720259955
1.072166999488192,-0.6205142461273171,0.2067488971067873,-0.6120271811302284,0.5022295389170629
1.0534595752057982,0.28951892408750884,0.006015608684673358,-0.22135810293158492,-1.3526511427864703
0.369786022756019,-0.020113157513579356,-0.544869435681655,-0.21291891277187347,-0.560479275761173
4.6093404576154695,-1.782450874716795,-0.3299584923093068,-1.695229429002983,1.193171942326657
-1.385529596665223,-0.4611737581024855,-0.6720085163687266,-0.18695174017471494,0.20093791131610028
2.315046463261115,0.09403276933980356,-0.6196458211986552,0.9696946701764878,3.1677768813431846
1.6523422450098912,1.5120167739907628,0.17935882479172194,-0.5888404206381253,-2.283345445050609
-0.015382561170431954,-2.3257867958326726,-1.1712679558153363,0.13334035211654002,-0.7112411039079815
3.329009577701379,-1.4437740394485457,-0.02335056093254527,-0.5611205905057006,-1.0295156036010116
-1.5617352378300728,0.2871265735726066,0.5626286172547862,1.6962133803594246,-0.037218779731915834
-0.2600437603291656,1.249930771657404,2.145701705700172,0.9981737378939091,-1.4719852099713966
1.4197941600380015,-0.8924282485385744,-1.5919944475951162,2.2779409128431247,0.4148842785017668
-1.6605684591025396,0.699569663749278,0.6880543220214017,1.416012085515031,-0.1202142625099441
2.611972248724408,-0.333520133295968,-0.2596135219636811,0.05706309827882268,2.2817245420170287
-0.159452640909055,1.3617298792776316,2.5073946247877337,-1.0513974485747004,0.8210474604134886
2.639928466796423,0.24903992761744528,-0.5017095846734215,1.7783356433519868,-1.829199765176914
-0.6399273236394865,2.619165310065377,-0.3602928151461254,-0.7756302372590279,-0.3933663042453211
0.3243672951053526,0.3328260193558324,1.2054811716300142,2.7870391326381956,-0.3837578964747639
0.6150466758186902,0.21918730060522615,3.566976919496242,-0.3946645658244219,0.6514321239701775
0.20152366059360213,-2.1771182975409746,0.7258121824554106,0.8471804052950282,-2.42444643399808
0.06126799712776813,1.7525426307213687,-2.4503043695552122,-1.6695035699953478,0.6399513995844586
-0.31490734482232186,1.1962020188417095,-1.7668797714329547,-1.237890103416829,0.3109913985780232
1.5935708417945125,-0.9144795969350091,-0.041475593238036144,-0.4244382121218188,-0.4952935890552025
0.9931646456603301,0.0018543007667151982,1.5817899384922978,-1.0478459642504792,0.1581956377915118
0.40759533038041357,-0.014141256816611847,0.5158033690524453,-0.26723224852845684,-1.4381679502592182
0.9057070473127016,1.3925141887150037,4.37915642345218,-0.6975130022215683,-0.5591934009508994
-0.8561290342214746,-1.0389649736491873,1.6203472668808252,-1.1518700533536006,1.8667875605937134
0.07493675148042893,-1.716990285697589,-0.011144560393757151,-0.18424061847991055,-0.791021102768161
0.9135824011509197,1.260647984906974,-0.09559330064528813,-2.059177305947501,0.8475158123218196
-0.016344216464099618,-1.1339923587600222,-0.3016117456777261,-0.15907238822253114,-1.689119354114052
-0.38345269564381507,2.421581947399777,0.12583503687404332,1.1304539173706087,0.3339233639668243
-1.049863177568696,-2.3887166732589202,-0.2841580389073237,0.49789017070395375,-1.2224169713304536
0.23484802317019254,-0.4621606883732115,-0.9177173259346083,-0.6999195660715474,1.1613198703948828
-1.2738818427775473,0.7041977620873326,0.04140134526927571,-0.4104217576594447,-0.5624158441796616
0.7561416048978413,-0.5883940357895495,-0.7024537101631537,-0.05706927512804445,-0.9654220097729795
4.311785125366761,0.25579919578521976,1.444986864910443,-1.3805978403876074,0.058629319867189
-0.32022618004562475,1.194464065058281,0.2621593842533678,2.0592766162968346,2.3927096302915993
0.835785923190957,2.2320125984587382,0.8969261226606904,-1.2543623232446521,0.5886310678071882
0.6266850704462342,2.7651147014575463,0.1411531665274212,-0.7363069805003506,-1.0523117197600766
0.2255670847466988,1.7840016186662566,1.8225585263608706,0.09635552796488987,-1.8817622675819277
2.5159885646556295,-2.4749724372353765,1.6989871686081457,-0.386307520846313,-0.5435177520026486
2.8363847786109098,1.520691406361808,-0.8608828455077071,1.3815699553069491,-1.2737827256500123
3.231065484861835,-2.5400625837839454,0.6971072014649091,-1.3435091417931448,1.5280755794368988
0.7498414759759136,-1.0359636432194437,-2.1778418609648993,-0.6959037430774467,-0.4999693538633324
-0.4068975453116606,0.13475773545226957,-0.11665373533267218,1.6703281572832342,0.0844374142536452
0.45455254407466156,-0.7932696035890927,-0.7674498317303898,0.05609248082219449,-1.4080791966754067
-0.2658942978807304,-2.1754898838604424,0.2716966880003823,0.8258826983239478,-1.9140112565932859
-2.0844751237510244,-0.3786128340621058,-0.011733570304034793,-0.7949043863894318,-0.2923321024689278
-1.2775126089303959,2.851797501084233,-0.616253133512357,0.2699454473820258,1.4444341071220241
0.7488798206822459,0.1558307938532066,-1.3081856508272889,-0.988316483416518,-1.477847604069403
-1.7876742825673644,-1.2523620809267593,-0.48850916717046805,0.14962790383681052,0.5060485108966642
-0.2362753972904137,2.9061090896307022,-1.0629252289954436,0.6004047329607894,0.9929740875848087
-1.4335913523610861,-0.4540221924501921,-0.6403592409121852,-0.21176636714039476,0.12534159951431934
-0.19148057345433883,2.947806972494101,0.9105175315321002,0.1014346643613313,-0.6169996547877037
0.25148368132749277,2.586894582438924,1.744883059013144,1.511169969857896,-0.8299999255007794
-0.9249956128770177,0.2719261231331253,0.8018264657458832,1.835748899854305,-0.28340005487133907
0.7397738566819246,-1.0878132707733583,1.615291274938563,-1.4044221218961614,2.636957283494547
-1.4377988563234267,1.8061695074577686,0.6622374468592553,-0.5811636060793323,-0.05746585676238347
0.2933182490193125,1.6007556588872,-0.5963844253382631,-0.9682501802809156,-1.1761261506320309
-0.22694383156903736,0.3112585619163376,1.777311807829884,0.11815073878357557,-1.9126302731042704
-0.9084869853052637,-2.421678270759892,-0.43260598073537004,0.6175498906006438,-1.0169172745319934
0.5672667566007249,-0.7456956545039263,-3.7296138829940784,-1.3176242915672765,0.9496339218265518
2.1704488291040906,0.7067710968744835,0.233442458850648,-0.9965902006647245,-1.4424118602074378
1.207437224298494,-0.8074495517384332,1.4181737222132622,-0.4437996150904357,0.23889648220561419
1.7140140157091595,1.0310750422525212,-0.409430833203649,-0.6556609619436979,-1.7199287747981324
1.1341903248181524,-1.7617912751100784,0.9266042767288428,2.607520236395688,-2.0723404290571064
-1.6218137428719457,-0.5891395596804595,-1.2335981833582748,-0.45834024382017147,1.159075438102417
-0.965526930759877,-2.3546167856034743,0.0506507788266747,-0.06394090748141819,0.08051081430736266
-0.5195300870080802,-0.6162362051622559,-0.852712032749299,1.1463260592273103,-0.29636556864443236
-1.6261585958733245,-0.22227495904261024,0.1557912639771898,-0.44466726170695914,0.061817106414968626
1.8632413780945962,-0.801058610384365,2.2268116985615976,-0.7804374372299621,0.08115186098170207
1.4758046749312808,1.1411375159753534,-1.045516777983546,-0.9264484398649818,-0.024804819209390285
2.5081083391207937,0.7040632577754483,1.0124102290914807,-1.9483461279351717,0.6819432844632625
-0.23945660838468014,-1.4539300660497831,2.313334507074258,-1.0468076365746013,2.157928724642701
-0.7251831470448721,-0.16817296565285528,0.9254734325584357,-0.01267369800884917,-1.0364608138224372
0.11789429841289875,2.0940061294636814,0.48251557835366476,-0.8551340930498365,-0.48341956961609295
-1.279992273867867,1.7568605384307239,-0.12118689513423209,1.2022429857720633,1.013330845602827
-0.34947808449526585,-0.8876029696435963,-1.5261624404172722,-0.2741329245293171,-0.22638765621319848
-0.055778952458799054,-0.7429574674392891,-1.2272030901714606,-0.40613134330581135,-0.37986860619848195
-1.0042958985679182,1.7695476175783977,1.1458415740853054,-0.19447140595935486,-1.1522479611292407
-0.32922741384562904,1.1323488407758586,-0.6506985676280451,1.2122665079597845,0.0908726922656876
0.747280951726966,0.7453009600166823,-0.7108790085059149,1.9532662994366559,2.1262704957060357
4.022295263530031,-0.9032848857348467,-0.5941544862618285,-1.3441746101581575,0.8818049804812633
0.14013347824125688,0.8508610065330616,-0.5010157909338289,1.4360010080357124,0.08695873894836491
1.1066830082058627,-2.4846862988791827,1.6343639238603316,-0.12566336935537437,-0.5661001065005327
1.5986216701298104,0.3167332309424233,-3.501324779422766,1.1688863561455147,1.0420374206009766
2.4035165210299825,-1.1974845498270752,-1.005625375035366,-0.7019703805415649,-0.6283277888434119
3.2568270453390875,0.03539092031853144,1.926621329396984,1.2712267201139116,2.2171148387948003
0.5521125811490841,0.6170947420236043,-0.35066493279494787,1.7642299074888603,-0.5353082092035528
-0.8037129723120217,-2.4159789562883023,-0.5229265536562349,0.6916596072357821,-0.8915915551751497
0.54251793525131,0.8158732178754946,-1.2512642166692143,-1.603352796620308,0.9465839178793706
-1.9184635882205394,1.319608348429929,1.1490041379771967,1.9964809783394204,0.3474981564834843
0.013097754090282252,2.4127923856927764,0.6063245689919029,-0.74887135418756,-1.0447210976678494
-1.1137043781908378,1.7948357079907746,1.8594270294755053,1.1747070328287696,0.9288229660339354
-2.274613030176757,0.9183534496781786,1.2984959542340366,0.3437888021968684,-0.40265075862879923
-0.2528235343209582,0.652263538360727,-1.7170345055975518,-0.706185131406868,0.32341799041812014
-1.8633638315382448,1.083325197532059,-0.020096207630550224,-0.77437603661327,0.12314481280030787
0.653792941776288,2.0120117805270388,-0.7593872525989943,0.6966822272135259,-0.4389106876431064
0.3525936544855339,-0.6156975609914894,1.6828481152634271,0.40445862213215006,-2.8376195830067603
1.1129457551803446,1.6592343481400713,-2.684474350722458,1.7593884005377056,1.6606105663130912
-0.9000665286470174,-0.9085989034581208,-0.892567087267744,-0.520839225998649,-0.5434837764339807
0.17178368997966453,1.5754953437831338,-1.221585856891991,0.8569956357479219,0.05506115742959056
1.1101694415637686,-0.6426366811697675,-0.7658741768084585,-1.4340304490107372,0.23136943607186755
-1.0835705699595821,-1.7863658336459556,-1.5041454573876252,-0.33407763471932206,0.27301279163310904
-0.24802405249662948,0.5279136921697359,2.826386630089655,1.3973084695718117,1.567499179119465
2.8641276133302793,0.4946094647425266,-0.34218988314853555,-1.358548983709967,0.264604905477188
1.1689606411072568,-1.0422834360691138,3.1645780943094057,-0.2807359442851663,-0.056232971792201485
-0.16583783414058528,3.40707379962096,-0.9034441658911146,1.3966312959803493,1.273238376891902
0.4559597003341788,0.8535749431309002,-0.91503787350628,1.722030879902116,0.23999167247881234
1.623947708562667,-0.27114822643362296,-2.327490640364635,-1.5794511979493338,0.5649151733311761
1.957645845383106,0.3867933330230378,-0.30571955597425804,0.0016816941023779072,-2.022544311245505
0.13592707264842854,-0.20647116550587089,-0.36229193276908817,-0.7052319944782623,0.38508144411617035
3.65014399501444,-1.813204298391778,0.17625758342312456,-1.004249317920811,-0.009482637680038394
2.3115841177904604,0.5023128532801436,0.6054794119146842,0.4815576270562408,1.2711482267482488
1.6086534515576532,1.2399344785181632,1.8423683478535418,-1.371684522485763,-0.8577887856145815
2.6074580165456136,-0.3139443011205906,2.026426338496015,-0.6005683669582325,-0.23927497387055688
0.45302088062091267,-1.032192154886406,2.755418284974453,-1.3053285965269903,1.3775715430884239
-0.24841470667258578,-0.5432115879806916,-2.122949726926776,0.7586739983750022,0.9709262030212
-1.8381727039719327,0.897638018219156,-0.09997196392112254,2.5601496454676957,2.3106983249683526
-0.21272753347627638,-1.1665746242740542,-1.3884217103045458,2.4763797758056003,0.7742664774655437
3.0227024096406354,0.6487910189835535,-0.14387354488552145,-1.1926661944983368,0.010522898184067606
-0.951510783943063,-2.2052625448992664,0.025244361394865748,0.6318850953788118,-1.628360613655461
3.161336353328661,-1.5657477876118882,0.0497575940692236,-1.4080098413819875,0.546212796581947
-0.10889466085333203,1.8567357440843384,-0.7993996964472799,-0.6187162784886727,0.16613641268983348
2.2636835673583033,-0.23018543758546686,3.8349785174616717,0.9047584555166326,0.645073072564918
0.9482175958875295,-1.5819753771991447,-0.7346756153469165,-0.3901340648948637,-0.5710542660437453
-0.8397577792074131,2.017386005767001,1.3457746264766972,-0.41505265045439454,-0.9280239231486326
1.2571753761111693,-0.2819912867738854,2.3441829129771103,1.8818823214799176,2.5042535684598635
-1.0590658234384454,0.37493488869420794,-0.025712909844790688,-0.6767615332229631,-0.42575882408968785
-0.9073522720320805,-1.4176398704633937,0.050838267183076734,0.2530117108699634,-1.4505927109328542
1.1955311590917628,1.4794118234574618,1.0821946242889202,-1.4491776203521411,1.5397978814743032
1.2814538091542267,-0.22611705207345825,-0.020383798227521812,0.14742601763135404,-1.6473606479743335
-0.598381605773084,-0.8629793995605428,0.3205001482347548,2.1059170431308973,-0.3512652988119968
1.3550738945841287,0.675919010417157,0.3118424080309356,-2.1636414378513886,1.4780291048058816
0.8766667623627878,0.3871678683600866,-0.7722247635588909,-0.8068482221185772,0.1488259637535264
1.6861077553978527,0.8051721161184511,0.0212934381873843,0.626576980069919,0.9681923772282415
1.1341903248181524,-1.7617912751100784,0.9266042767288428,2.607520236395688,-2.0723404290571064
-1.0509229136497786,-0.35908278111352204,0.5875537706270517,2.304643574656966,-0.5764902451058053
-2.502923044757448,0.7686540428356281,-0.009278860124740735,0.07772802114906997,1.3234645906121074
0.9973671954478396,-0.2861078822552078,-1.4299900284141014,1.9062317031126048,-0.12719236006678417
1.085180961873464,0.8828055723049606,-1.3310341430309875,1.0409600871252567,-0.38145021222692027
1.7859597328587924,-1.0303214393746543,-1.1223482710331334,1.5259327078202944,-0.45134051879066
1.226099377530969,0.807379402462419,3.318888326326002,2.1599053223974347,1.8432270105285353
1.1565282239354506,0.4480757476155348,-3.546626434350365,1.4110931979489552,1.9811560610276366
2.284020591779084,-2.685089963396966,0.07171480947380454,-1.3946900019827873,2.0130279257035597
1.8073142086215113,-2.8752241688643685,0.6053013844304278,-0.7178169292654755,0.8053406257272028
1.1030872142612749,-1.3308306251261552,1.2996036059752616,1.7218441038946666,-0.7671180050553642
1.996229551994173,-0.6547872222873877,-0.9217652828041717,-0.9137040090085394,-0.12516148156629262
0.0163523864925799,-0.36969204492030405,-1.09440399497019,1.6076602820706136,0.47612929450231806
-1.4313967422346117,0.4244927182389618,1.0790287823423808,-0.3791142054620905,-1.2565914023225173
-1.7203978875219317,0.020462736669199056,0.7955986464806135,0.5616458294291857,-0.5609216893596707
0.6083959577708502,-1.27223367902631,-1.0873564475705055,-0.577726132449547,0.5474640345683516
-0.37512974750704436,1.2254745929603366,-1.6557937093937793,-1.2697779679536014,0.15912976354613673
0.7907118141450089,-1.4278552822848962,2.2013087204972774,0.0342762805459592,-1.0618310289755573
3.564709146395446,2.933664752332106,0.9787928892309015,0.5145027799089321,1.6799307855769305
3.0564025802848445,0.4457497153588973,-0.3310644294590292,0.6150899650469412,0.8749319112102538
-0.7441174545055317,0.5456081160090166,1.1692233741357856,2.3887300166673477,1.571406931036495
3.4438870640306547,-0.8935974912446947,0.865411465254807,-0.9357528656861802,-0.3311370671762919
-0.42910109663449925,1.368235608199847,2.4411475531947757,0.30056315216069557,-1.9790937605256957
1.1740840308558183,-0.7285034663514306,-0.5504861378958955,-0.11530440938156652,-1.109382912651169
-1.5753606430220557,0.33159019089643527,-0.4870828824142385,-0.752521323644299,0.12414572111350841
0.870788493932603,-1.0346873659313731,1.466782470448963,1.3109931251098366,1.4495191817310233
-2.570631866347324,1.5597855016718671,1.2399449634650779,-0.35060871216677675,-0.1626980818598487
0.8161348381281429,-0.036385120905137444,-1.0487144951751477,0.19278757516741724,0.8617098118457278
-0.9666767528629621,0.46473218310628556,0.2820727763290215,-0.15630257484143512,-1.3100085116884232
-0.0040856205402720665,0.7508653801748435,-0.24124341376179773,-0.25866829658952095,-0.9319934136610618
-1.1213396350870386,1.5121964365441645,0.10765580669991592,0.8879594070035756,-0.02058813120225039
2.969417481290173,-1.2071581177032937,-0.21886170553185852,-0.8522946316412795,-0.3445857957706719
1.8106354662470623,-0.7690058546168366,-0.39995881745809025,-2.183707740986991,1.1763076513685098
2.2643566020158374,0.9084144387753056,-0.9383859785161279,2.258142207922803,-0.11367230828618105
0.3540475250148026,-0.38206713420238136,1.2588336945105973,1.5772744507631764,1.1073315729581352
1.9615937717202292,-0.6176044820247112,2.5362140988637867,-0.6464425125551041,-0.324791781343305
0.6290035722089317,-0.2247677091365338,-1.950841320216648,-1.1807747087582057,-0.5993888055294563
-0.38155076568895174,2.505131835046443,-0.3302776725371173,-0.5744609292148847,-0.6418369186428577
0.8202987051767445,2.5730334446396106,-0.7272195216962554,1.842331956647149,1.2083590034744185
1.0888585861302127,-0.4946190040201074,-1.31621907940659,2.492745190684988,-0.03842946377533932
1.316238205738137,0.06531104332025826,-2.093262271275404,-1.3024758282663138,0.1403827897784058
0.585742573692915,1.320716882593278,-1.5566944006111818,2.0709625072083924,0.7315642466855796
-0.28319897324902016,1.5866835352080544,-0.9466683358685355,-1.0758978352390238,-0.7780832404607212
0.9889998583778266,3.254704961500623,-1.582726518478573,1.370746072904159,1.3948945708774632
2.6456708404436093,1.057495074933501,-0.2459066382059069,-0.7691851002681094,-1.1743051548921513
1.999734464680047,0.38795172324933985,-0.13775810397592422,0.820810954848209,0.7518690714013312
-0.5667409093305479,2.976168484935243,0.8012867441249464,-1.1391076432291964,-0.6691259527968665
-0.7616068200945476,2.4190798925542647,0.376901689112519,-0.7269079296083085,-0.432649520033555
0.9617719799228109,1.1694060317121429,0.04009428482078631,1.2660628738018689,-1.0711034305718032
3.1363509399328993,-1.2270408888776723,1.1138087364656883,0.792411432314115,0.453714447990381
1.8866445119015325,-2.2594063078229225,1.9803716412574592,1.2301352353988149,0.7852046800843583
-1.040403670205971,1.9897638428950601,1.8750016942679497,1.9269434042649074,1.178571704233233
1.5895253764056856,-0.027139029814916768,1.459989947135641,-0.9333724293651584,0.22143609508498674
0.08459103801738209,0.8132407638010464,0.24584067217688943,2.947522778701057,0.1173400239449097
-0.24662490554997937,-1.067473089951373,0.5819370684128111,2.4022580780472733,-1.125393881995801
-0.036034018818339585,0.7293607260419435,-0.12345064487614968,2.2060372544520415,0.1437691143167523
2.664913880192185,-0.0896669711167704,-1.5657607270698863,-0.42208563034411545,-1.7367014165853485
0.48833985089442,-0.0548987875815357,1.0428083022869024,0.3669262157317564,-1.8677409635262652
1.7274404418858145,0.6166939306893604,0.7813706350837193,-1.5399186696492502,0.8157088168238282
0.562605632782925,2.6148729286108994,1.4143441064400364,2.1611975726594665,-0.4335907353665238
-1.0214466777334892,-0.9298805457779046,-0.8894817076010747,-0.6385927021050435,-0.5835193746488705
2.5328166653946633,-2.9206409424665765,3.08828740283214,-0.20617552669984468,-0.2995605358955925
1.9028759205125785,-1.0078193958611523,-1.4772740399043542,-0.48060843316123036,-1.2960551742059518
1.262063949740418,-1.110035297538545,-3.527938464570737,-0.7497493183795263,0.0828050134886079
-0.6417248372440918,1.9930477024420843,0.5966267846054112,1.3983355621434777,0.1291703156648939
0.4165579752532926,2.2833423435853857,-1.3489775680357732,-0.9355103850100762,0.13423353206524702
1.7384555479904906,1.0145351387462938,-0.3881214155281965,-0.6171841962532387,-1.716020120586622
1.2033519254060214,-0.2937297725517114,-1.5619779106109786,-0.5041132199163989,-0.6218258179591121
0.4930312891322084,0.7898242040374848,3.376603593011319,1.28437488003488,1.3936803069287633
1.1884575644379785,2.2489385909261426,0.5651332116780764,-0.17248597754030964,-1.504499551981222
0.9047116955353601,0.31708353705158776,0.7822304239908868,2.0515062564110806,-0.9657304133820949
1.6673705657048652,1.915305748416125,-1.8026159158116453,1.9372552510971273,0.5529007437530015
-0.5644212051964476,2.1900909307372474,0.560878384648093,-0.31271171008905696,-0.7555976795805338
2.8046957321874917,-0.3765124454452349,0.20613342639272944,-1.38263110983967,1.6241726762980313
1.3585253661350072,-0.9028216510095933,-1.408686202221639,-0.09968499427458281,-1.9341235866652644
0.6935315885631715,1.2968571667761317,-1.1170633666582068,1.117784994141419,0.11381006379068981
-0.1583936378661206,0.9750117614081385,0.8517504695150787,-1.5010856848727085,2.7494836483495875
0.8264026352239936,-0.24693021459752168,-1.437363418848756,-0.3877612171082136,-1.0661857435456121
2.639928466796423,0.24903992761744528,-0.5017095846734215,1.7783356433519868,-1.829199765176914
-0.40704248272707405,-0.040067366954775765,1.2457422004797003,-0.10619535109488418,-1.1860331095962102
-0.5503737333782267,0.7819804875627786,-1.2908127859078766,0.9057998929196095,0.8988513227041912
0.3513766386810423,0.14481760011685482,0.7477455447121528,-0.015382139250722893,-1.3929311689473998
3.33797432574341,-0.3840593757289583,0.8565654272507519,0.9125024025907811,0.8947485130673785
4.3502286976441855,-0.5480994290178527,-0.7930691571499421,0.8668207986360352,1.7687676621941402
5.181694611490706,-0.9678418241108886,-0.13370775435320198,0.885915895348931,1.7605900376381889
-1.506484485312712,1.0858420839204717,1.2993549961160777,2.3247098777925683,-0.2747687916684332
0.8815737276077548,1.2895493480100422,-1.1152878653435072,0.6866490756457246,-0.5897714143617924
-0.4799037605002865,1.2197752784887468,-1.5654731364729146,-1.3438876845887398,0.033804044189292844
3.007875160388318,-1.0743437805053133,-0.22295870528821501,-0.11799186309059037,-2.049548569521985
0.6709034222210619,-1.122216529051901,-2.076285634938037,2.396041496160853,0.49950437533900416
-1.4012394466995528,2.530987965131054,0.6701804586373464,1.2637586289915999,0.4307003189030823
0.7719639053088456,0.8354764356703671,-0.9903310201789857,-0.8483910798281297,-0.6792862933752982
0.8477510278511661,1.5722583204153266,-0.33650189435219563,-1.1202354556101444,1.9476802428416369
0.7498414759759136,-1.0359636432194437,-2.1778418609648993,-0.6959037430774467,-0.4999693538633324
-1.0112965871419848,1.4769287025374807,-0.1252073330965641,-0.18557016915908398,-0.24632063227208
2.4812585953578874,0.38168562670234596,-1.6759178585014032,1.6195564465437498,0.006936101185080015
-0.11150447420334073,-0.08560220041213948,1.7391212963174638,0.4419957930992253,-1.9149249114681963
-0.5739929368649045,-2.6912057540804506,-0.9641979238350662,0.3868505963024833,-0.0018186194652411087
1.0728684923951466,-0.6059210196251122,-0.7159821398862009,-0.20530914247300208,-0.672923719218366
-0.0325475509079154,1.3370402881521886,-1.3142155237970625,-1.3248228553491772,0.013466121983874294
1.671411912105881,2.086440122791907,2.9377544132338107,-1.3805507272460193,0.141017474196785
-1.5054247492316295,-0.9437918082249263,0.4276431865817022,0.5179564738395561,-0.9206955178930817
0.33083931393685406,1.1337796794878354,-1.4580976236977818,1.1690847951290877,0.28991827523950536
-0.37145196247808654,1.7521604191733229,0.4666769391011123,2.1859508809681265,0.1998196727863901
-0.6872157322891134,0.9212742776857789,-0.695626496963157,-1.1206152311533712,-0.08386537095989363
2.618065201083174,-0.3823515570369302,0.5377748983818781,-1.0918306697433169,0.6902817259286436
-1.0963133718061433,-1.8544171076014775,0.08670594121262054,-0.4538960240398271,0.8897778756907792
-1.7964482015340573,0.7489714449976704,1.3393774644621197,0.3174415324801186,-0.39475002647510193
-1.6596068038088723,-0.4922247733233723,-0.1816018881162083,1.7084248258541022,0.8576639876961265
3.1800993203886607,1.6493871502747037,-0.8008966113511634,0.4771008861091091,-0.1104060623257383
3.4720999177758167,-1.676931605395027,0.03461245021779928,-1.1697856750202749,0.360405041862832
3.593352678769163,0.013611301942079905,0.7460711191650137,0.027801218429522195,0.3850549753780924
-1.3674058685869444,-1.9444289958953178,-0.6759622987634517,-0.2549706443265211,-0.5099491383465635
0.7463588638708084,-0.298348850268833,1.885979126697672,2.0221117018746626,-0.382401068839964
3.5036870760466274,-1.2260274914532918,-0.03542516073725085,0.6363133622480317,0.7288568910670375
-0.02826506975347397,2.1105208806861233,-1.2616561541156806,0.48678960781209263,0.40852486808436506
0.044707884103960434,1.7370029545938148,-0.6790639809174068,-0.49165668707966803,-0.20765992106454728
-1.163291454092226,-0.6918911501773836,0.30355778775667114,1.4748226471218784,1.538324825182025
4.546933484895452,-0.18119117229854517,-0.17426435654556305,1.134810647985751,0.9568803775441261
0.45172747360989846,1.9970293019464824,0.0014052377525215582,-0.04731215665148868,-1.3436141319138792
-1.111783423704744,-1.0030317194956233,-0.6733464423506175,-0.10004482538522734,-0.41852931740601473
0.0765930656441285,1.7220835360158218,-1.7298219441073253,1.742641179199246,1.5385419688108823
-1.35473017845611,2.389425441026925,-0.06061741467194882,-0.8781993440376729,0.050683511279708826
0.7526261630487551,1.5995686903503679,-0.8848129573656099,0.9768835220579195,-0.35591520486507816
2.887313599997096,2.9160800621469645,1.6371920350967846,-1.9081413591169156,0.35439906733634235
-0.8196497647585371,0.6236140579158596,0.7256132899356534,2.7004793250600416,0.28029383086969867
0.30017946920975364,1.8311433864568483,1.0687374811479728,-1.2614894562069692,2.96646787250337
3.511255075766797,-0.1761471678506957,-1.8110902464656606,1.4850884041165395,0.5405890150022077
-1.3720809361413724,1.9088691830097084,1.8294118868664972,0.9735377247846265,1.177293580431472
0.14013347824125688,0.8508610065330616,-0.5010157909338289,1.4360010080357124,0.08695873894836491
0.5437575226291386,0.07254467735738046,0.4965351537948744,-1.7200159063342877,1.7526117107692163
0.7067648802886443,0.9105703909523886,2.1070339802785067,1.001217218559792,2.042619083759801
0.6217355041049932,0.2853370507149035,-2.4575609164973953,-0.9392625699967301,-0.32624938024450834
0.022921436290793167,-0.2417963272266139,1.3327565277648836,1.578488522262561,3.902262680818855
-0.5087835288210701,-0.7498159044597255,1.579656717090119,0.7509038925816293,2.605121790234977
3.50374736773593,-0.2239373017765743,-2.1697499329846397,2.12245110630994,-0.6957672567456765
2.923452094161161,-1.3877625888271525,-0.5734243922944804,-0.9492346979985682,0.12402070623275704
2.0688850765179647,-0.015986038958459483,-0.8372621474720845,-2.271216930262445,0.9450848909755275
-1.7111469211556711,-1.6296323508625523,-0.4118615533888611,0.12123112215177732,0.023225859755089343
1.86824132696167,2.936706394443008,0.08760133843088205,-1.5142198435148708,-0.1471824163475302
2.5751328156915743,-0.7362773191540871,0.346563591786716,-0.8551716789324825,0.23796889196473817
0.6634851547924858,0.12453234469072769,-0.24591008543584314,-0.3449173315483677,-0.7139602257464563
-0.5743578476709902,-0.009891861222108247,0.12610521597590002,-0.38691697090427607,-1.2366452004265014
1.4310829402385992,-0.8144814427889286,2.692172866746485,1.2502015385344172,1.0869261335217302
2.6818491043510484,-1.8117499159890766,0.9538981524203389,-0.9942756685032951,0.10950917520310455
1.5288146598143835,-1.839894163347368,0.253330331359794,-1.2095709784195117,0.9055949955457238
-0.05530372313044731,-0.34448217616461974,2.411911708777784,0.28188468477086503,1.738303189040185
0.10373982386409979,-2.799716077127623,-0.4484180113144886,0.5845029843520271,-0.8363207230693536
0.12481286865406724,0.10676487152550726,2.03874872800794,0.4144917736999512,-2.6867588562880744
3.2836144242689738,0.30863333415894795,0.16682066150932376,-1.6676827864502188,0.8786942290731542
0.8707971265813125,0.4230333454936957,-1.115756724945601,-0.5681897849837361,-0.5962908105972701
4.306646228889079,0.6630591715066836,0.06908292647796463,1.2151160012247852,1.4482221674795945
4.380824469763254,0.060329528480210365,-0.4071534017964211,1.0780232582479796,1.6711577745152892
1.5331362903785113,-2.163774757290336,1.5300772358628036,-0.95916678260181,1.4900332748695622
-2.0382417559064385,0.10117039036744088,0.5042928691910723,-0.29514339129435063,-0.39784802140728814
-0.7034598221831659,0.2961488083339346,-0.27170668726659974,1.8463167676431507,0.26843391534672423
0.7158721612891068,0.12738200192652255,-0.2910703718962755,-0.3078624732307985,-0.6512973660680345
0.8015052378085739,1.327700013416421,0.502070556486219,0.15301921168354946,-0.8426084872142259
-2.116971784225761,-0.7708972253488043,-0.19760607384967352,-0.03427208337988546,0.5439742660166457
-0.08817737137391261,-0.06897091126068139,0.6925243917566297,0.25927856077364814,-1.4696980533549553
0.4653912834404869,-0.7842640306258918,1.4960893039704644,0.821259014273312,1.2782687673016901
-2.030922214684989,1.7765150559304286,0.22471834307478736,-0.7324550205086966,0.42586717455088025
0.6279805630028806,-1.5223249391210718,-0.6687324210490175,-0.22448697241721982,-0.9656847840751824
-1.7354760030603276,2.802939747337131,0.6211406939259277,0.7421429209275476,0.5352153295282421
0.027664452890701,-1.3957061179837087,1.5948229227133448,1.0512203467671495,1.7242504949919657
-0.6321784278887141,1.5131633316776143,-0.2884013239341835,-0.8709360058509678,-0.17756660442723396
-0.6980350655579527,-0.2888862008718352,2.253491710212644,-1.132193634311506,1.1237664281975575
1.8632960964300802,-1.6830375522087873,1.3051603601984518,1.3551560061612713,2.1894036928115224
0.4000837965703931,-1.8243023088079227,-2.039502798227073,-0.322269240748352,-0.1321958946043465
1.0685813159646642,1.8683400879364023,-0.07752245771128247,-0.3649442028819972,-0.6260407534412753
-0.8196497647585371,0.6236140579158596,0.7256132899356534,2.7004793250600416,0.28029383086969867
-0.08251971284352194,2.2703914468841546,-0.9528321564366544,0.24147498612672633,2.255274375327882
-0.9790895167792354,0.1306868346612122,-0.4804486568668357,1.5749207336770155,0.4695468723015958
-0.9760549025769826,-1.4613786729423799,0.13673869540442543,0.3947615663215157,-0.6288990577093407
0.004936620180753021,-0.2738336314642332,1.3960930586185811,0.2220335483582637,-1.8083000577481283
2.609559448568927,0.9438294834191069,1.7735113974836378,1.590393674421965,1.7538862419175203
3.458795356672559,0.47839721624816894,0.4523721930265334,-1.4581562377673327,0.5393221006380798
0.4727030651486084,-0.8235539757625959,-0.3231716660855934,-0.15116242819327955,-0.7353190913432051
1.280492153860559,0.9656773849991921,0.8492724119100882,-0.14498672270771712,-2.6252388981804033
0.4953099423650045,0.7858707014219459,-0.8607468458753853,-0.39560735924023904,-1.0230686371993334
0.4014909528299105,-0.1774577620879296,-2.1870908400029627,1.3436691583315694,1.5158749745498725
2.0478052978464913,0.4729531050687499,0.8827643017084361,1.594859790656796,-0.7838762198401384
-0.008346002130115873,-0.48804406770072256,1.6001845805469572,0.7344373192955085,-1.844862880813527
0.5802763595295858,-0.5003205384357386,1.3290031019156796,2.4935916148564328,-1.364675333294728
0.15375219819175837,3.0835102406994253,-1.060878993926046,1.2044012370519694,1.53522111633872
1.7622660960584589,-0.6131305499553685,-0.7869281558821213,2.6781573473826423,-0.8599981152560929
-0.4437051159176581,0.3374151660316855,-1.482164266253235,1.180834193983206,1.071045580835684
1.6754725952034055,0.9167838913007557,-0.32580576288019414,2.6643840807331816,0.21363087486120255
0.8739034602303574,-1.5926458211480752,2.2363708934028375,-0.6827207183097401,1.1615979551828193
0.5359601607260109,-0.6527948436132964,-1.4744343152204216,0.7030933847686011,2.0051700189745065
1.4851487726692327,-0.47610726046920915,-0.6661297643139067,0.22684816267320748,-0.7457965023387767
1.0288910952448345,1.1731121182710476,-0.48261228161378183,-0.5485133659416416,-1.339311942993426
0.7314959861129724,-2.0118163995746574,0.2326240470550235,2.1754159373193986,-0.9493196703311336
-1.0803677136403227,-0.28346031901527274,0.9430988620378392,-0.5987365992145804,0.376003669374262
3.65014399501444,-1.813204298391778,0.17625758342312456,-1.004249317920811,-0.009482637680038394
-1.60846927672928,-1.4361769996148102,-0.11597016409056272,0.2674662781785246,-0.3956512346932767
2.511559810671672,-0.874677403651302,-0.7081183811610943,0.11561031564163354,-2.7302094070078833
-1.437916603161844,-0.4640234153382804,-0.6268482299082941,-0.2240065984922841,0.13827505163767834
3.6491823397207725,-0.6214098613191278,1.0459137935607346,-1.296662058259882,-0.9873608878861089
-0.8251932500511373,1.105613522071207,1.5593183337254855,2.506467249385815,-0.5474859824828991
-0.051092936616795655,0.874222325579146,-1.3160799596169397,-1.0736907554549358,-0.9418774193027661
1.1341903248181524,-1.7617912751100784,0.9266042767288428,2.607520236395688,-2.0723404290571064
-1.1702202536888442,-2.1734179577123354,-0.4919856032278776,0.15922557519273037,-0.8328972978935424
-0.02434218883735319,-0.22514958654524667,-2.277274361961941,-1.3639539877243423,-0.26791740924807916
1.4986855468591693,-1.506434321806087,2.925883766366624,-1.3527637136236947,1.1194634580689686
0.2540284139286405,0.09592428249086932,1.969737572762528,0.5270782560255489,-2.5575244827197197
-0.9907005109650563,-0.388355355232149,0.4764677085878764,2.336531439193738,-0.4246286100739188
0.4911148593109784,1.3865781703185298,0.3578724611116818,0.6550474413252184,0.15735210902238345
2.608069613124881,0.8027696003257988,3.7224995930439935,1.2439648658276472,1.1474541248236925
-1.2412118159105776,-0.09711515861897278,-0.008043429303915097,0.04398325085743178,-0.6736122330123356
3.909090786661581,0.005774071320640856,0.7510066352366235,-1.8127021394638971,1.1816500785931612
0.12456882343362354,0.4480889891320419,-1.465356533168535,-0.7179578366025138,-0.7923104226348056
2.937468240977975,-1.2384083481229446,-0.5988308097262894,-0.2534086951383384,-1.5848507217300665
-0.7377988896182857,1.839813963169398,-1.1045233205171199,-0.7634187917643501,0.5015164631827213
2.5772966349468187,-0.6699581809666619,-1.2832513134936403,0.7729452071496339,0.5046422579351006
-1.615723157687507,-1.3398033501825484,-1.1442524543107018,1.4640580289584137,1.7276036474421792
-0.6438945846442263,1.373012910892287,2.4747733905914693,0.3865304722267993,-1.6797749719207569
-0.5583307807842178,-0.4646832623028955,-1.4574314711748282,-0.39425718267246873,0.11526136897055597
0.24003064059293258,-1.2079279376725947,1.4091939487231433,-1.4605418094532934,2.5946323460215432
-0.2835597382902657,-0.020495034922292234,-0.8713024774269476,-0.39609819173801014,-0.22900787947979595
-1.3174417802032785,1.590870791911184,0.8700650111798093,-0.24249901056810913,-0.4469855301992947
0.9349111264373976,-1.4524551715297107,0.9847484572361062,-1.3405929792612976,0.9007412841826083
0.023580920235624952,0.3637667817952145,-1.8229140232659147,0.5259343144552047,1.3504154491793279
2.658299104908982,1.2127545511699689,-2.1398740900150344,1.744069314391081,0.9378880572323935
-0.2614673265464538,-0.2624943115192,-1.4028770018074876,-0.46631738733932354,0.4806590329089842
1.7097530731775763,-0.9680646425301715,1.3523893151016855,-0.6541185923571039,-0.5483605231891593
0.32890093056661024,-0.8958761227158994,1.3881743452516548,0.9150091553490192,-1.9894985290501674
2.3164023140135663,0.16757695584203,0.14749907168910822,-1.6492454767627207,-0.08300676585138979
1.417743037805176,1.2947304871631518,-0.2643292717521697,2.4897977391397745,0.594749267843359
0.452175082934707,-2.426761544596841,0.35826499452688365,0.5982553851848751,-1.6328970715534847
1.661944251029644,0.6871540658573448,-3.46688772902168,0.8583003785590395,1.7027206520143872
4.000202851786219,-0.6612856091379389,-0.06257996188128827,-1.2739554145568441,0.17213806809248325
3.0539356879442443,0.8285390607843025,0.688235421851236,0.7559049699200319,-0.12721223171931678
-0.4733379459874963,0.8675867792613277,2.1629873915239024,1.2665266162665216,2.720504048767722
1.5241428876275975,0.4234152229024086,-0.7893236832003083,-0.38501050601759956,-0.9277622068786473
3.181811031755919,-0.9720186954513109,-0.7558240350516408,-2.5464589526160153,1.7566952832232874
2.2980604846312174,-0.13272179239121243,2.113892281832318,0.6277788235688739,0.6850115844879054
0.705199271139725,2.2048288494504904,-0.4439779678026169,1.459144863464316,-0.17458812235322957
0.5651103906096867,2.169674189569813,1.5858315168498351,1.705403944636186,-1.04632323132769
2.3351502228497294,-2.0957547621132337,3.3391388123653707,-0.7665781163886319,-0.4655515014516489
1.0711768043777545,-1.664881215655762,1.990347900539507,-0.5434133652281672,1.531892739136525
-1.023249925715236,-0.7493674602992761,0.49036846604692846,-0.3974121691126366,-1.501261388977051
-1.2569124651036923,-0.24219964885879333,0.5123783415576112,2.140529124930392,-0.2653567710298464
0.15985612823900744,0.26354658146229276,-1.7710228910785466,-1.025691936703393,-0.7393236306813106
-0.7234760422310637,2.7593777844565075,0.9695693298241788,2.1222207480129556,0.34116035239798187
1.2382814718543418,-1.1037638162654253,2.7820675390054475,0.4321583819162623,-1.226017729650153
1.6616270092125385,1.0282253850167264,-0.3642705467432166,-0.6927158202612671,-1.7825916344765544
0.7895388962244436,1.018019490662918,-1.3255607755159873,0.9705217127969035,-0.7344904863291088
0.847255924584799,1.9264949356600156,1.0920496947266838,-2.4862468757790084,2.917208511367374
-1.925419499793835,-0.8203284983574038,-0.2482453371098256,-0.482815227008266,-0.057474984659013066
-0.7626341214828553,1.5071022243232388,-2.04679738515628,-1.8584226247610207,0.9716089478760036
1.875821162052821,-0.47833813480921406,1.046855938884429,2.690911975364105,-0.5904224680565181
1.759107792560972,-1.9130411937043599,-1.2637595480970878,0.057140518894438344,-1.239415189022925
-0.6032415675216815,1.3750280488633089,-0.8108243943786393,0.7225386644325046,0.3472493379227339
-0.8306631769242041,0.22280728162388466,-1.1222963475486258,-0.42644588320303367,0.29265801136428476
3.7700202434877546,-1.4326057954020377,0.8189132528124835,-0.8117910925791234,-0.8879414362199848
-0.9427203530222691,-1.9279672491399875,-1.3917228637416885,2.5303510267580847,1.5288578673866797
-2.495704817110743,0.6603373934147566,0.49034428285437254,0.06132584376374537,0.9122672333439499
3.980513049431979,1.2020674756640268,0.11558113892028818,1.0911542281177287,2.005026536523287
2.570028585256842,-0.6816216959878482,1.4015986325347742,-1.3504111318459913,-0.12194436946117665
-1.2723411182774222,-0.01722294605633631,0.8425170155365899,-0.06702504608092473,-1.0217342845126025
3.095135839511146,-0.6724801831905868,-0.4648383685335915,0.5978063290842396,0.7127879392060599
1.4327090642431326,-1.7472801633954194,0.45750706615177716,0.7506204360573308,-2.725157851225622
1.1242141711299578,0.8027924823368864,-0.5556232218055456,-0.2509048459645617,-1.3584486876922215
1.6845226508091085,-2.0552300421423406,1.0396257658114056,-0.40540261755920853,-0.5353401274466972
-1.6594890569704548,1.777968149472677,1.1074837886513413,1.351267818267054,0.6619230792960646
0.8327565837791072,-2.0852535234824017,1.044238408710833,-0.8902800793203329,0.383519482657198
-0.2632405569390806,2.0314581294461465,1.6960585370069698,-0.3074049954962864,-1.3260668333199428
0.2650250248571407,0.17699265986593757,-2.6118100500408707,0.8132972924720244,1.374470574480277
1.258487471366044,1.3644302289054304,0.9508472478917238,-0.3496563935440823,-2.641662867068499
0.557152742017994,-0.1788919884939035,0.4934197679492755,-0.2300849616548893,-1.5602158645541813
-1.6596068038088723,-0.4922247733233723,-0.1816018881162083,1.7084248258541022,0.8576639876961265
3.532126708396911,1.010225493525081,0.25155581648523273,-0.04511013535938262,1.5340329759363893
2.474755145678118,0.7830093431624509,-0.9562496310176771,-1.6198509222263027,-0.6663361103935205
1.7146748080912249,-0.5015667522578429,-1.558178018478479,1.5530071818679694,-1.1839746715529809
0.8746036361371703,0.44877985900656053,0.7882672828187802,1.4491826506177201,-1.434443740688724
1.833189103344634,0.46472180943319646,-0.4882289838280222,-0.4508988625513346,-1.8882155798834217
-0.5227539968843641,-1.9173782002066306,-0.6334397759958266,1.8701158943117464,0.2832253434442887
-2.0393014919875214,2.1308042825128384,1.3760046787254476,1.5116100126586618,0.24807870481736036
1.734804211268297,-1.9567772956020966,0.3285057604292346,-1.0454565286929376,0.594461521469765
1.3463762827254473,2.0470540768520036,-0.38021376493684333,-0.7824203636223227,-0.27988773481571133
-0.07596319009122238,-0.5315659831311058,1.3628674998160166,1.6935927965019066,-1.747650523004567
0.6074257859483404,0.587638047481764,-1.1902640725703768,-0.62780983533309,-0.9035103313559062
-0.6205731726293929,0.3708655779295442,-0.9002598765756803,2.5986061451492084,1.5683306291515846
2.0913994883896967,-0.5091220049655245,-0.9845335800248516,-0.13010615078839188,-1.780394847762543
-0.8600769605585983,-0.034567158601438025,-1.2215863879572197,-0.5037458466961183,0.16903503069151388
0.5210990348507792,0.8782932263702035,-0.9522850380827761,-0.9782833318487169,-1.3269868773507172
0.7016703765319898,-1.7440323621973,0.8707158330660636,-0.9782618793147058,1.4982108994255134
3.9928022671751817,-1.985490182704924,0.7091189968659637,-1.388914744669092,0.5380351720259955
-0.9359461598100536,3.2605973620590656,-0.4188438059150838,-1.470027751622673,-0.1534136274763705
1.3961054168703704,0.1326456850727757,-3.4478882889697986,0.3040635023837795,0.6630543088333245
-1.4149525811408326,2.418698015145552,0.05046864736722653,-0.9100872085744451,-0.10117812375217775
1.59313672841743,-1.7317964983295688,0.11692613285382902,-1.06376715274025,1.3126475726524385
0.14319223513992374,-2.171605241591646,-0.9729516175523221,0.29922314132817024,-0.9653231112011018
1.192388797322947,-1.9417623287239434,0.20920269921106407,3.2414080991252767,-0.8188071729610185
1.2264710373524392,-0.7256538091156358,-0.595646424356328,-0.07824955106399736,-1.046720052972747
2.0223648049654974,-0.6812008001276769,-1.2527205277415616,1.2235398219833418,-0.5299315201098537
-1.45948296728115,1.1353343680789305,2.223672133939439,-1.1593380370906052,1.3845147715617396
1.8576465633324242,1.3456294193479714,1.4922753977606458,0.3970944987746084,0.286489086351689
1.0441748110031508,0.7733103130615452,0.549644980219612,-0.11748270330844299,-1.8534049533605252
0.9969931062696288,-0.8204227032699358,0.12415463216609021,-1.3937187955600807,2.3229270036968828
-1.4462620826279895,1.0565695098018446,1.1882689340769024,2.3565977423293405,-0.12290715663654667
3.275966581904463,0.4985251307404225,-1.8138493202401262,2.132484257877741,-0.5449065300269906
-2.3128348180167397,1.777586272063964,0.7810507469060485,1.1680885393009175,0.9933944755774419
1.9028759205125785,-1.0078193958611523,-1.4772740399043542,-0.48060843316123036,-1.2960551742059518
0.7261784829150649,-0.28187261142753123,-2.058812787147633,1.1171306274567132,-0.16366481322975318
0.674691067497745,-0.150956943276296,-3.367548996425537,-1.030890207947304,0.9185955480376333
2.1709296567509244,0.11087387833815834,-0.20138564621815697,-0.8503838304951887,-0.9534727351044023
2.02645873650668,0.26280013211067,-0.8551080903118848,-0.5953294832842677,-1.7150192122734211
-1.4346510884421686,1.5756116996952059,0.23135256862219017,1.5949870368126178,0.771268325738968
-1.7793211560692643,1.569080322658573,1.5566030365986574,-0.3289283772747721,-0.8600597806360971
0.486074644806413,2.057901119165288,-0.09429401308395388,1.7870269693445249,-0.3465573403030737
0.7085077561684041,2.8333208556191067,-1.973471782623275,0.7847365852597472,0.7674197846984507
2.0324173642807883,3.6041986661536956,-0.1624723243272075,0.6701838857613371,-0.7947714551221113
2.741849542389967,-1.3797716570283096,-0.45925295058863563,-1.098876038641735,-0.06787652701401932
-0.9232598558276258,-0.5043343285999956,-0.18060598247111476,0.25045745698761107,-0.9028689909626052
0.743797317130598,0.3439320253135315,-0.9825512234621976,2.498940827288884,0.32758660680328544
-1.1215785856400915,0.9464976970364701,1.9990637752945817,0.559084112113085,-1.1987365789714186
1.7194595738967924,-0.49446270314048657,-3.728325320171017,1.6537573218262736,1.1414568722671008
0.8485548052539701,-0.2919591836195393,2.9166802327651618,-0.9896065677322188,0.6867504122994841
0.923301879916351,2.6960759255255398,0.12816866536151617,-0.8882919342532152,-0.72936885931891
0.5109361118595735,-0.6585286207520243,0.700719008136474,-0.14985946955638532,1.8406119073313292
2.6550947363349757,-1.04625982069574,3.20535047027224,-0.46584847176807653,0.03292089659561504
4.164868233281014,-1.2577678453990007,0.22508210542929868,0.8143256474333714,0.4865842701391247
3.091768264828103,0.009828962732882833,-2.3201007911235205,1.7942222068567921,-0.0735003085937587
1.2983890333130903,-1.9481999969457644,2.499275081262703,-0.4247640205278255,0.19884994381411958
-1.3591646360501324,-1.9614950575017205,-0.1386175077479063,0.3158964272775529,-1.0190271176269021
3.6716678498621214,-1.6160599237616915,0.5095108525102939,-0.9457860172539814,-0.4819977938949779
1.6460506326168056,0.39636987712544486,-0.3234654908725419,-1.4700039260430555,-1.3447966734227748
2.776418032747726,0.23308083028349078,-0.5659738043249071,-1.0624361152068988,0.10695238138651268
-0.34438358073861136,1.7669997835060924,-0.2898442932048284,1.7053461733451805,0.3180205281210886
0.9680944448493863,0.6227497215024682,-1.8351347887132126,1.9430741710377153,0.12952309633006828
0.9103372671064334,1.2078977483390039,-2.070290019582339,-1.1283584944452716,-0.03205025522833424
-2.5921557211950055,1.3626411270417806,0.9066916943779086,-0.4090720128336063,0.3098170743550908
0.7763964805456043,1.8148458127463183,3.0803574165840355,0.05933944898067063,2.422443189225705
0.035741413451927835,-2.322851563873615,-1.0109295245897285,-0.5157782450113441,0.7622669240137431
0.9439014225573533,-1.4998236526155295,0.33100707679787633,0.34685991259615395,-2.169462416963637
1.3383239316222393,-0.6845818925819834,-2.6869615398880073,-0.5455351981033549,-1.032805541225179
0.9165620876873792,-0.16077044255180964,-0.24887956116606214,1.2054168794462046,0.17248234785975386
2.8639874789966364,0.7322913952498796,-1.964200178379007,1.8042553584245933,0.07736041812492754
1.4242769784927964,-1.6557542925752038,-1.359753824040572,-1.0935901040629117,0.5039852553479923
-0.8532897201014938,0.05122530008344952,-0.280038686607668,-0.8914643556271294,-0.5930435196964694
-0.15791807184286294,3.0556817468092823,0.10190578914687143,-0.9359436457934239,-0.8873381493180179
1.6118022944783224,-2.572246846170905,2.010722333267077,-0.6093473178802759,0.12637541645638603
2.5380762641853414,0.8100488663278288,-0.6156369249668845,1.8167818199927486,0.9634121244176307
0.05670861726968896,1.067581426367361,-0.33822207869033805,0.5638402765178498,-0.3417636122449814
0.5651683896723722,-0.06858903385196849,1.0189574335019225,0.4424578397397848,-1.8011694496363326
2.8662705727962483,2.123038468980553,0.86911066094081,-1.8203982896142095,1.315853348654317
1.4463526935559776,1.6288999062454914,0.10418339572228152,-0.7529548703646992,-1.9722119709746506
0.148642923290521,1.1072804717353237,-0.447193830601313,0.25483100678570064,1.4322345027802428
-1.311351355791049,-1.063903401128959,-1.1482448446431122,-0.3240444831515209,0.42387351835179493
0.6356101578203268,0.8156637142547021,4.085785750564214,-0.13130630562104206,1.5496996901905598
0.4953099423650045,0.7858707014219459,-0.8607468458753853,-0.39560735924023904,-1.0230686371993334
1.1226067742152979,2.3408604639218984,-0.6865700311119947,-1.1641008854143426,1.6311673613067006
2.5606828994410065,0.8646824802382957,-1.0793458146971449,1.8837087809295605,-0.5897958396049958
-1.4876226680152018,0.4590664665545917,-0.3456935252922012,0.6123726411467931,0.664210235912506
2.6528175414725,-2.056684424545042,0.261985196814191,-0.41537626697672436,-0.6543319403298398
2.1114100463588397,-0.9170015991589339,0.7769373517220128,-0.5995770901872132,-0.2871479077842433
1.859293451757473,0.20333920466338404,-0.6151219562764476,-0.13231323057248,-1.6166006689204981
-0.4211018589378919,1.612958026385171,-0.7294815305361265,1.1745532274020587,1.380667766426753
1.907091827565276,-1.7130384576032138,1.526123367666176,-0.7259117110809201,0.7647879387613163
0.36454945116797455,0.08234775357115412,-1.2283865090239943,-1.2488584193775418,0.17408448151959433
3.389418316526387,-1.9246301964635246,-0.4066415012418762,-1.3141145872567268,0.9447462348947683
0.8659149245526562,-1.0445387365376289,2.3125393119526643,-0.19156438628587563,-0.5636974416680995
-0.2615606541142329,0.5751246309824637,3.1010655906094664,0.3503811370054957,1.4166487595439312
1.4468335212028116,1.0330026877091665,-0.33064470934652346,-0.6067485001951636,-1.4832728458716153
-0.6103688749554023,-1.7958370432953954,0.35711232887840594,-0.006145308995228431,0.36459799253658975
1.0121907521651394,-0.14557358842464044,-2.6404633274456835,-0.6694969712104116,-0.4760011721814863
0.26797207058230504,0.3322839874910691,0.5430325754997897,1.9119707369162002,-0.7195491382426716
-0.8623610361871792,0.7418431454135156,0.5930918907595883,-0.40877168387324714,-1.237646108739702
1.1180875572704694,2.7070036886529443,-0.19119113122599893,-2.082292715642596,1.3482828487330094
2.40618726352725,2.332874842421203,0.9699535950066945,0.9288655540585498,-1.0793799536996325
2.1293753062358123,2.135297876539009,1.7003605857955266,-1.852748200791541,1.0502362517905668
-0.12486719514149264,2.4038794421147833,0.616099537603616,-0.5873724101134281,-0.678830795172978
0.7244437456348661,-0.06935817199991859,1.0129345281450608,-0.03939507579825812,-2.495726129876966
3.609396943825972,0.9762309403226022,1.7602588501189815,-0.6270323515953506,1.0004380290247838
1.6999789647992531,0.7797012544156133,1.3582829565679475,-0.4541205254479694,-2.0111495745844374
1.0916145705621771,-1.6932817888396183,1.5652185098846438,0.09252742959234302,0.35429067285555244
-1.8789697782198442,1.3213104986625093,1.71466158928158,-0.8502042343503527,0.7704254479657734
-0.07959173898331101,1.179939759502973,-1.1624146135560158,-0.7215868237594919,-0.569762038325849
-2.030922214684989,1.7765150559304286,0.22471834307478736,-0.7324550205086966,0.42586717455088025
2.3916835621983576,-1.2552759066410424,-1.3507740505504533,-0.07684790970005398,-1.8517506084679374
-0.17122390814297775,0.6482758047001825,2.884930325359009,-0.18816673971432035,1.2516587023010757
-0.26978415156709074,-0.7363772898264954,-1.8279161847935477,-1.2427885944270594,0.17221845295962807
-1.063334681313169,0.1457749215449808,1.6893364669566704,0.20254170451815617,0.0030159912939538617
2.2629308503084853,-2.0649174366324927,-0.41994018570523,-0.8138243620311858,0.6776019202108579
3.161336353328661,-1.5657477876118882,0.0497575940692236,-1.4080098413819875,0.546212796581947
0.7704233415809294,3.46100754635209,0.3162088944241949,0.8121559539553471,-0.5222986922536851
3.934924862266647,-0.3842195301850087,0.5205498728658201,0.22061328583492218,0.2274858750180932
2.2502132100027943,1.3241019424560994,1.4733600450472755,-1.3678772351107826,1.1496557034566905
0.0007602276506925109,1.5995670445781462,2.7208386881830164,-1.2842189244216295,1.0582049505174551
1.0154638196613945,-0.5412121787794967,1.3175918757120126,0.08791193804322013,-1.1588414716812503
2.3863024961718016,2.4729335591396895,2.20807932436073,-1.552870486905053,0.3902106021724395
2.7417424189701367,-0.1033572173872032,-1.5896115958548662,-0.346554006336087,-1.670129902695416
1.7487931490941537,0.8097130403637387,-0.23698858673181414,-0.11844256404077368,-1.68089528606175
1.268899669990341,2.2359134329137333,-2.1452511704160035,0.9949468509161346,0.9436061207721305
1.6616270092125385,1.0282253850167264,-0.3642705467432166,-0.6927158202612671,-1.7825916344765544
3.119043293994655,-0.9779375631634079,-0.524764040846309,0.9633807678737326,2.069479079421682
-1.4349363040253742,-0.544920754807204,0.3381512453843865,0.3559929915189623,-0.7394370984057383
1.3858967879642983,-0.7933267142158933,0.37836433112224044,2.2038192150847973,-1.4847760809595782
0.006770672674194076,1.786663827967819,1.9075074285073266,2.6456064916996658,-0.44792674553226347
1.0100575436538408,0.6687714718343218,0.7060172481806568,2.9162366816168177,-0.4020365276410575
-1.3468499529212739,-0.7896102539838994,0.6259595248447164,0.6838392630511863,-1.1747775251862023
2.0892112981177715,0.7289833065030422,0.35033240920661735,2.9699857552029267,-1.2674530460659894
0.07268778445336678,-0.4570795912432895,-1.0228498930805527,-0.8425721598875417,-1.1026639407982313
0.4314879647268554,-0.26899327007551044,-1.9018187710848737,-0.34576753142315503,-0.47624560012752604
-0.22004969228943239,-1.793519530520247,-2.191465453463975,-0.41816100077197627,0.028695259393122566
0.32247931119900125,-0.7181213088278353,1.7878973184747091,0.9748943633887388,-2.520767890732018
1.032478256540713,-1.4384642669070484,2.4346872316658517,-0.51683792909811,0.9075159478896991
-0.35053233837773334,-1.9781395881696855,-1.173290504368902,2.627664694154599,1.3092125079222992
3.29293481697714,-0.18482530499813069,1.19746120921434,-0.8501880901103507,-0.11370482656767347
0.8025351170727447,-0.9112628316776412,0.018928966655883794,0.4324776942419035,-0.9018822007494561
1.1852739450804284,0.34901701478318264,-0.8124383954818212,-1.1498781209924525,-0.3996542365838834
-0.5080745906599042,-1.8240978193591462,-0.30933796084474136,0.2648853290937902,-0.004438842731838528
1.101027784293612,-0.47479794943662496,-0.5069574011837911,1.3110680285059488,0.33386402999873455
1.779869147674354,-0.2796576488725657,-1.2116940000807062,-0.39646556495829083,-1.019868728130422
-0.38463032092156263,-0.24485576066155226,0.7923751270795364,-1.0744478942084281,0.5781957851216368
-1.0500563334842907,-1.2640499648602446,-1.2579943750755262,2.6041599073994304,1.9834418641691387
1.9983666125230055,0.5933193120692671,0.3995896954234063,2.1986281283346685,0.3748468680069017
-0.4790122002125297,-0.36302487656603927,0.8657910756969508,-0.6258123220240492,0.9949342618239096
0.5281512753288853,-1.0641650012045354,-1.7325955191728133,1.2365276812689396,0.21941958219511565
0.32340302221997846,2.5730202157452777,0.9925191124919103,-0.837226013492798,-1.283492168795087
0.7037443342977125,-0.044864617025628425,1.7794626558045805,1.4900602977525352,-0.5106333329298106
1.52154252406067,-0.10107631132253339,-0.7803456983064806,-0.3165409088535796,2.710217321180704
-1.3395642095362108,-0.2805692869786266,-0.31744582960610457,-0.09001167381742613,-0.26766859068732873
1.2409725143308101,-0.48689720253903046,-1.002191771653576,2.035307056439139,1.2667437649117699
0.27593441445003897,-0.5668915345406638,0.9444252725440495,2.195482240455001,-0.6475982168937618
-0.8991040864307763,-1.972822151106809,-1.5900441190350592,2.518595131823601,1.7660096235605203
0.2976434998200703,1.6107568817752884,-0.6098954363421543,-0.9560099489290262,-1.18905960275539
-1.475310405945097,-0.8413680603885805,0.3225939833704202,-0.052479267417032446,-1.2375472101678242
-0.29704529707923344,1.828732649855954,1.2620590636617137,-0.3972718242824827,-0.7811950080864078
1.0094857085286024,0.3227828515231775,0.691909851070022,2.125615973046219,-0.8404046940252509
1.1350698311042984,-0.17035799560450823,-1.0662966004810173,-0.07741161135489232,-1.7961963120699371
3.6424857341254087,0.9045805635396522,0.7917456848762587,-2.429799690334458,1.545225736034883
1.1664528819434636,2.6476914348323812,0.6667080476597121,-0.3771556483766748,-1.520923520869318
2.9800171838759266,-0.5906328939534202,2.124737342895254,-1.9344868070938415,0.13523992202991145
1.1856755600068076,-1.071711060497897,0.15529702298575987,-0.9711119218407664,-0.13086193926334513
1.349314087616548,0.4031091995184657,1.4322981222354578,0.6048462118920731,0.9083445529037955
-1.7658830481898113,-1.8579413811890275,-0.9195852089844215,-0.024519697457564483,0.666321258253937
-1.1508750699393226,-0.023963984901253923,-0.22417869455437248,-0.49456462586238437,-0.8386022902551916
3.8468487822657065,-1.4462960416724704,0.7950623840275036,-0.736259468571095,-0.8213699223300523
2.526057694966279,-1.4437857348404817,-1.6140094613328797,-0.7103200908596293,0.2195982950255709
0.27600189813397186,-0.8565804156508472,-2.2322343821968738,-0.6573162420088077,-0.5208035381403887
2.1066543024176294,-1.4104379066105255,-0.3414078266891317,-1.4893102266233458,0.9363549745995593
-0.776890535852864,2.8188816977637674,-0.6553555727208747,-1.1579385922415073,0.08144349033354426
-1.591270672682357,-1.249033847872812,0.23079411600049773,0.31368934749346483,-0.8552329387848572
-1.437916603161844,-0.4640234153382804,-0.6268482299082941,-0.2240065984922841,0.13827505163767834
-2.2134226883100236,-0.06859349172178011,0.21874133767386267,-0.5046699399772371,-0.05847589297221361
-2.2134226883100236,-0.06859349172178011,0.21874133767386267,-0.5046699399772371,-0.05847589297221361
-0.4799037605002865,1.2197752784887468,-1.5654731364729146,-1.3438876845887398,0.033804044189292844
-2.01575624576509,-0.8934796720751227,-0.0321100718593683,0.05573264971155008,0.10751507258384291
-2.2134226883100236,-0.06859349172178011,0.21874133767386267,-0.5046699399772371,-0.05847589297221361
-2.01575624576509,-0.8934796720751227,-0.0321100718593683,0.05573264971155008,0.10751507258384291
-1.6355830457067781,0.36086276501506226,-0.37599682037506316,-0.7844091881810713,-0.027715913918378157
-2.2134226883100236,-0.06859349172178011,0.21874133767386267,-0.5046699399772371,-0.05847589297221361
-0.4799037605002865,1.2197752784887468,-1.5654731364729146,-1.3438876845887398,0.033804044189292844
-2.2134226883100236,-0.06859349172178011,0.21874133767386267,-0.5046699399772371,-0.05847589297221361
-2.01575624576509,-0.8934796720751227,-0.0321100718593683,0.05573264971155008,0.10751507258384291
-2.2134226883100236,-0.06859349172178011,0.21874133767386267,-0.5046699399772371,-0.05847589297221361
-0.4799037605002865,1.2197752784887468,-1.5654731364729146,-1.3438876845887398,0.033804044189292844
-1.437916603161844,-0.4640234153382804,-0.6268482299082941,-0.2240065984922841,0.13827505163767834
-1.437916603161844,-0.4640234153382804,-0.6268482299082941,-0.2240065984922841,0.13827505163767834
-2.01575624576509,-0.8934796720751227,-0.0321100718593683,0.05573264971155008,0.10751507258384291
-0.4799037605002865,1.2197752784887468,-1.5654731364729146,-1.3438876845887398,0.033804044189292844
-2.01575624576509,-0.8934796720751227,-0.0321100718593683,0.05573264971155008,0.10751507258384291
-2.2134226883100236,-0.06859349172178011,0.21874133767386267,-0.5046699399772371,-0.05847589297221361
-0.4799037605002865,1.2197752784887468,-1.5654731364729146,-1.3438876845887398,0.033804044189292844
-2.01575624576509,-0.8934796720751227,-0.0321100718593683,0.05573264971155008,0.10751507258384291
-2.2134226883100236,-0.06859349172178011,0.21874133767386267,-0.5046699399772371,-0.05847589297221361
-2.01575624576509,-0.8934796720751227,-0.0321100718593683,0.05573264971155008,0.10751507258384291
-2.2134226883100236,-0.06859349172178011,0.21874133767386267,-0.5046699399772371,-0.05847589297221361
-2.2134226883100236,-0.06859349172178011,0.21874133767386267,-0.5046699399772371,-0.05847589297221361
-2.2134226883100236,-0.06859349172178011,0.21874133767386267,-0.5046699399772371,-0.05847589297221361
-1.437916603161844,-0.4640234153382804,-0.6268482299082941,-0.2240065984922841,0.13827505163767834
-2.2134226883100236,-0.06859349172178011,0.21874133767386267,-0.5046699399772371,-0.05847589297221361
-2.01575624576509,-0.8934796720751227,-0.0321100718593683,0.05573264971155008,0.10751507258384291
-2.01575624576509,-0.8934796720751227,-0.0321100718593683,0.05573264971155008,0.10751507258384291
-0.8613993808935115,-0.4499512916591347,-0.2765643193780216,-0.1163589435341759,-0.2597678585336314
-2.2134226883100236,-0.06859349172178011,0.21874133767386267,-0.5046699399772371,-0.05847589297221361
-1.9389277069871378,-0.9071699183455555,-0.05596094064434819,0.13126427371957847,0.17408658647377537
-2.2134226883100236,-0.06859349172178011,0.21874133767386267,-0.5046699399772371,-0.05847589297221361
-2.2134226883100236,-0.06859349172178011,0.21874133767386267,-0.5046699399772371,-0.05847589297221361
-2.2134226883100236,-0.06859349172178011,0.21874133767386267,-0.5046699399772371,-0.05847589297221361
-1.6355830457067781,0.36086276501506226,-0.37599682037506316,-0.7844091881810713,-0.027715913918378157
-1.437916603161844,-0.4640234153382804,-0.6268482299082941,-0.2240065984922841,0.13827505163767834
-0.4799037605002865,1.2197752784887468,-1.5654731364729146,-1.3438876845887398,0.033804044189292844
-2.2134226883100236,-0.06859349172178011,0.21874133767386267,-0.5046699399772371,-0.05847589297221361
-2.2134226883100236,-0.06859349172178011,0.21874133767386267,-0.5046699399772371,-0.05847589297221361
-1.9389277069871378,-0.9071699183455555,-0.05596094064434819,0.13126427371957847,0.17408658647377537
-2.01575624576509,-0.8934796720751227,-0.0321100718593683,0.05573264971155008,0.10751507258384291
-1.6355830457067781,0.36086276501506226,-0.37599682037506316,-0.7844091881810713,-0.027715913918378157
-1.437916603161844,-0.4640234153382804,-0.6268482299082941,-0.2240065984922841,0.13827505163767834
-2.2134226883100236,-0.06859349172178011,0.21874133767386267,-0.5046699399772371,-0.05847589297221361
-2.01575624576509,-0.8934796720751227,-0.0321100718593683,0.05573264971155008,0.10751507258384291
-1.362410484718805,-0.8930977946664098,0.2943229698859242,0.2389119286776866,-0.2239563236975344
-2.01575624576509,-0.8934796720751227,-0.0321100718593683,0.05573264971155008,0.10751507258384291
-2.2134226883100236,-0.06859349172178011,0.21874133767386267,-0.5046699399772371,-0.05847589297221361
-0.4799037605002865,1.2197752784887468,-1.5654731364729146,-1.3438876845887398,0.033804044189292844
-2.2134226883100236,-0.06859349172178011,0.21874133767386267,-0.5046699399772371,-0.05847589297221361
-0.4799037605002865,1.2197752784887468,-1.5654731364729146,-1.3438876845887398,0.033804044189292844
-2.01575624576509,-0.8934796720751227,-0.0321100718593683,0.05573264971155008,0.10751507258384291
-2.2134226883100236,-0.06859349172178011,0.21874133767386267,-0.5046699399772371,-0.05847589297221361
-2.01575624576509,-0.8934796720751227,-0.0321100718593683,0.05573264971155008,0.10751507258384291
-2.2134226883100236,-0.06859349172178011,0.21874133767386267,-0.5046699399772371,-0.05847589297221361
-2.01575624576509,-0.8934796720751227,-0.0321100718593683,0.05573264971155008,0.10751507258384291
-1.437916603161844,-0.4640234153382804,-0.6268482299082941,-0.2240065984922841,0.13827505163767834
-1.6355830457067781,0.36086276501506226,-0.37599682037506316,-0.7844091881810713,-0.027715913918378157
-2.01575624576509,-0.8934796720751227,-0.0321100718593683,0.05573264971155008,0.10751507258384291
-2.2134226883100236,-0.06859349172178011,0.21874133767386267,-0.5046699399772371,-0.05847589297221361
-2.2134226883100236,-0.06859349172178011,0.21874133767386267,-0.5046699399772371,-0.05847589297221361
-2.01575624576509,-0.8934796720751227,-0.0321100718593683,0.05573264971155008,0.10751507258384291
-1.9389277069871378,-0.9071699183455555,-0.05596094064434819,0.13126427371957847,0.17408658647377537
-2.01575624576509,-0.8934796720751227,-0.0321100718593683,0.05573264971155008,0.10751507258384291
-2.2134226883100236,-0.06859349172178011,0.21874133767386267,-0.5046699399772371,-0.05847589297221361
-1.9389277069871378,-0.9071699183455555,-0.05596094064434819,0.13126427371957847,0.17408658647377537
-1.437916603161844,-0.4640234153382804,-0.6268482299082941,-0.2240065984922841,0.13827505163767834
-1.3610880643838918,-0.4777136616087132,-0.650699098693274,-0.1484749744842557,0.2048465655276108
-2.2134226883100236,-0.06859349172178011,0.21874133767386267,-0.5046699399772371,-0.05847589297221361
-2.2134226883100236,-0.06859349172178011,0.21874133767386267,-0.5046699399772371,-0.05847589297221361
-2.01575624576509,-0.8934796720751227,-0.0321100718593683,0.05573264971155008,0.10751507258384291
-1.437916603161844,-0.4640234153382804,-0.6268482299082941,-0.2240065984922841,0.13827505163767834
-2.2134226883100236,-0.06859349172178011,0.21874133767386267,-0.5046699399772371,-0.05847589297221361
-2.2134226883100236,-0.06859349172178011,0.21874133767386267,-0.5046699399772371,-0.05847589297221361
-1.437916603161844,-0.4640234153382804,-0.6268482299082941,-0.2240065984922841,0.13827505163767834
-2.01575624576509,-0.8934796720751227,-0.0321100718593683,0.05573264971155008,0.10751507258384291
-2.01575624576509,-0.8934796720751227,-0.0321100718593683,0.05573264971155008,0.10751507258384291
-2.01575624576509,-0.8934796720751227,-0.0321100718593683,0.05573264971155008,0.10751507258384291
-2.2134226883100236,-0.06859349172178011,0.21874133767386267,-0.5046699399772371,-0.05847589297221361
-2.2134226883100236,-0.06859349172178011,0.21874133767386267,-0.5046699399772371,-0.05847589297221361
-2.2134226883100236,-0.06859349172178011,0.21874133767386267,-0.5046699399772371,-0.05847589297221361
-2.01575624576509,-0.8934796720751227,-0.0321100718593683,0.05573264971155008,0.10751507258384291
-1.6355830457067781,0.36086276501506226,-0.37599682037506316,-0.7844091881810713,-0.027715913918378157
-2.2134226883100236,-0.06859349172178011,0.21874133767386267,-0.5046699399772371,-0.05847589297221361
-2.037280100612771,-1.0906240467052093,-0.36536334094653766,-0.0027306509552794283,0.5800302287987823
-2.2134226883100236,-0.06859349172178011,0.21874133767386267,-0.5046699399772371,-0.05847589297221361
-0.4799037605002865,1.2197752784887468,-1.5654731364729146,-1.3438876845887398,0.033804044189292844
-1.6355830457067781,0.36086276501506226,-0.37599682037506316,-0.7844091881810713,-0.027715913918378157
-2.2134226883100236,-0.06859349172178011,0.21874133767386267,-0.5046699399772371,-0.05847589297221361
-1.437916603161844,-0.4640234153382804,-0.6268482299082941,-0.2240065984922841,0.13827505163767834
-2.01575624576509,-0.8934796720751227,-0.0321100718593683,0.05573264971155008,0.10751507258384291
-2.2134226883100236,-0.06859349172178011,0.21874133767386267,-0.5046699399772371,-0.05847589297221361
-1.9389277069871378,-0.9071699183455555,-0.05596094064434819,0.13126427371957847,0.17408658647377537
-2.2134226883100236,-0.06859349172178011,0.21874133767386267,-0.5046699399772371,-0.05847589297221361
-1.6355830457067781,0.36086276501506226,-0.37599682037506316,-0.7844091881810713,-0.027715913918378157
-2.01575624576509,-0.8934796720751227,-0.0321100718593683,0.05573264971155008,0.10751507258384291
-2.01575624576509,-0.8934796720751227,-0.0321100718593683,0.05573264971155008,0.10751507258384291
-2.037280100612771,-1.0906240467052093,-0.36536334094653766,-0.0027306509552794283,0.5800302287987823
-2.2134226883100236,-0.06859349172178011,0.21874133767386267,-0.5046699399772371,-0.05847589297221361
-1.9389277069871378,-0.9071699183455555,-0.05596094064434819,0.13126427371957847,0.17408658647377537
-2.037280100612771,-1.0906240467052093,-0.36536334094653766,-0.0027306509552794283,0.5800302287987823
-1.9389277069871378,-0.9071699183455555,-0.05596094064434819,0.13126427371957847,0.17408658647377537
-1.6355830457067781,0.36086276501506226,-0.37599682037506316,-0.7844091881810713,-0.027715913918378157
-2.2134226883100236,-0.06859349172178011,0.21874133767386267,-0.5046699399772371,-0.05847589297221361
-2.2134226883100236,-0.06859349172178011,0.21874133767386267,-0.5046699399772371,-0.05847589297221361
-1.9389277069871378,-0.9071699183455555,-0.05596094064434819,0.13126427371957847,0.17408658647377537
-0.4799037605002865,1.2197752784887468,-1.5654731364729146,-1.3438876845887398,0.033804044189292844
-1.437916603161844,-0.4640234153382804,-0.6268482299082941,-0.2240065984922841,0.13827505163767834
-2.2134226883100236,-0.06859349172178011,0.21874133767386267,-0.5046699399772371,-0.05847589297221361
-2.2134226883100236,-0.06859349172178011,0.21874133767386267,-0.5046699399772371,-0.05847589297221361
-1.437916603161844,-0.4640234153382804,-0.6268482299082941,-0.2240065984922841,0.13827505163767834
-2.2134226883100236,-0.06859349172178011,0.21874133767386267,-0.5046699399772371,-0.05847589297221361
-1.437916603161844,-0.4640234153382804,-0.6268482299082941,-0.2240065984922841,0.13827505163767834
-2.01575624576509,-0.8934796720751227,-0.0321100718593683,0.05573264971155008,0.10751507258384291
-2.2134226883100236,-0.06859349172178011,0.21874133767386267,-0.5046699399772371,-0.05847589297221361
-1.9389277069871378,-0.9071699183455555,-0.05596094064434819,0.13126427371957847,0.17408658647377537
-1.9389277069871378,-0.9071699183455555,-0.05596094064434819,0.13126427371957847,0.17408658647377537
-1.9389277069871378,-0.9071699183455555,-0.05596094064434819,0.13126427371957847,0.17408658647377537
-2.01575624576509,-0.8934796720751227,-0.0321100718593683,0.05573264971155008,0.10751507258384291
-0.4799037605002865,1.2197752784887468,-1.5654731364729146,-1.3438876845887398,0.033804044189292844
-1.437916603161844,-0.4640234153382804,-0.6268482299082941,-0.2240065984922841,0.13827505163767834
-2.01575624576509,-0.8934796720751227,-0.0321100718593683,0.05573264971155008,0.10751507258384291
-1.9389277069871378,-0.9071699183455555,-0.05596094064434819,0.13126427371957847,0.17408658647377537
-0.4799037605002865,1.2197752784887468,-1.5654731364729146,-1.3438876845887398,0.033804044189292844
-2.01575624576509,-0.8934796720751227,-0.0321100718593683,0.05573264971155008,0.10751507258384291
-2.2134226883100236,-0.06859349172178011,0.21874133767386267,-0.5046699399772371,-0.05847589297221361
-2.2134226883100236,-0.06859349172178011,0.21874133767386267,-0.5046699399772371,-0.05847589297221361
-1.6355830457067781,0.36086276501506226,-0.37599682037506316,-0.7844091881810713,-0.027715913918378157
-2.2134226883100236,-0.06859349172178011,0.21874133767386267,-0.5046699399772371,-0.05847589297221361
-0.4799037605002865,1.2197752784887468,-1.5654731364729146,-1.3438876845887398,0.033804044189292844
-2.01575624576509,-0.8934796720751227,-0.0321100718593683,0.05573264971155008,0.10751507258384291
-2.01575624576509,-0.8934796720751227,-0.0321100718593683,0.05573264971155008,0.10751507258384291
-2.01575624576509,-0.8934796720751227,-0.0321100718593683,0.05573264971155008,0.10751507258384291
-2.2134226883100236,-0.06859349172178011,0.21874133767386267,-0.5046699399772371,-0.05847589297221361
-1.6355830457067781,0.36086276501506226,-0.37599682037506316,-0.7844091881810713,-0.027715913918378157
-1.9389277069871378,-0.9071699183455555,-0.05596094064434819,0.13126427371957847,0.17408658647377537
-1.437916603161844,-0.4640234153382804,-0.6268482299082941,-0.2240065984922841,0.13827505163767834
-1.6355830457067781,0.36086276501506226,-0.37599682037506316,-0.7844091881810713,-0.027715913918378157
-2.01575624576509,-0.8934796720751227,-0.0321100718593683,0.05573264971155008,0.10751507258384291
-2.2134226883100236,-0.06859349172178011,0.21874133767386267,-0.5046699399772371,-0.05847589297221361
-2.01575624576509,-0.8934796720751227,-0.0321100718593683,0.05573264971155008,0.10751507258384291
-2.2134226883100236,-0.06859349172178011,0.21874133767386267,-0.5046699399772371,-0.05847589297221361
-1.6355830457067781,0.36086276501506226,-0.37599682037506316,-0.7844091881810713,-0.027715913918378157
-2.01575624576509,-0.8934796720751227,-0.0321100718593683,0.05573264971155008,0.10751507258384291
-1.6355830457067781,0.36086276501506226,-0.37599682037506316,-0.7844091881810713,-0.027715913918378157
-1.437916603161844,-0.4640234153382804,-0.6268482299082941,-0.2240065984922841,0.13827505163767834
-2.2134226883100236,-0.06859349172178011,0.21874133767386267,-0.5046699399772371,-0.05847589297221361
-1.9389277069871378,-0.9071699183455555,-0.05596094064434819,0.13126427371957847,0.17408658647377537
-2.2134226883100236,-0.06859349172178011,0.21874133767386267,-0.5046699399772371,-0.05847589297221361
-1.3610880643838918,-0.4777136616087132,-0.650699098693274,-0.1484749744842557,0.2048465655276108
-2.2134226883100236,-0.06859349172178011,0.21874133767386267,-0.5046699399772371,-0.05847589297221361
-2.01575624576509,-0.8934796720751227,-0.0321100718593683,0.05573264971155008,0.10751507258384291
-2.01575624576509,-0.8934796720751227,-0.0321100718593683,0.05573264971155008,0.10751507258384291
-2.01575624576509,-0.8934796720751227,-0.0321100718593683,0.05573264971155008,0.10751507258384291
-2.2134226883100236,-0.06859349172178011,0.21874133767386267,-0.5046699399772371,-0.05847589297221361
-1.437916603161844,-0.4640234153382804,-0.6268482299082941,-0.2240065984922841,0.13827505163767834
-2.01575624576509,-0.8934796720751227,-0.0321100718593683,0.05573264971155008,0.10751507258384291
-2.2134226883100236,-0.06859349172178011,0.21874133767386267,-0.5046699399772371,-0.05847589297221361
-2.01575624576509,-0.8934796720751227,-0.0321100718593683,0.05573264971155008,0.10751507258384291
-1.6355830457067781,0.36086276501506226,-0.37599682037506316,-0.7844091881810713,-0.027715913918378157
-2.01575624576509,-0.8934796720751227,-0.0321100718593683,0.05573264971155008,0.10751507258384291
-2.2134226883100236,-0.06859349172178011,0.21874133767386267,-0.5046699399772371,-0.05847589297221361
-1.6355830457067781,0.36086276501506226,-0.37599682037506316,-0.7844091881810713,-0.027715913918378157
-1.437916603161844,-0.4640234153382804,-0.6268482299082941,-0.2240065984922841,0.13827505163767834
-1.6355830457067781,0.36086276501506226,-0.37599682037506316,-0.7844091881810713,-0.027715913918378157
-2.2134226883100236,-0.06859349172178011,0.21874133767386267,-0.5046699399772371,-0.05847589297221361
-2.2134226883100236,-0.06859349172178011,0.21874133767386267,-0.5046699399772371,-0.05847589297221361
-1.9389277069871378,-0.9071699183455555,-0.05596094064434819,0.13126427371957847,0.17408658647377537
-2.2134226883100236,-0.06859349172178011,0.21874133767386267,-0.5046699399772371,-0.05847589297221361
-0.4799037605002865,1.2197752784887468,-1.5654731364729146,-1.3438876845887398,0.033804044189292844
-2.01575624576509,-0.8934796720751227,-0.0321100718593683,0.05573264971155008,0.10751507258384291
-2.2134226883100236,-0.06859349172178011,0.21874133767386267,-0.5046699399772371,-0.05847589297221361
-2.114108639390723,-1.0769338004347766,-0.3415124721615578,-0.07826227496330783,0.5134587149088499
-1.3610880643838918,-0.4777136616087132,-0.650699098693274,-0.1484749744842557,0.2048465655276108
-0.4799037605002865,1.2197752784887468,-1.5654731364729146,-1.3438876845887398,0.033804044189292844
-2.01575624576509,-0.8934796720751227,-0.0321100718593683,0.05573264971155008,0.10751507258384291
-2.01575624576509,-0.8934796720751227,-0.0321100718593683,0.05573264971155008,0.10751507258384291
-2.2134226883100236,-0.06859349172178011,0.21874133767386267,-0.5046699399772371,-0.05847589297221361
-1.6355830457067781,0.36086276501506226,-0.37599682037506316,-0.7844091881810713,-0.027715913918378157
-2.2134226883100236,-0.06859349172178011,0.21874133767386267,-0.5046699399772371,-0.05847589297221361
-2.2134226883100236,-0.06859349172178011,0.21874133767386267,-0.5046699399772371,-0.05847589297221361
-2.2134226883100236,-0.06859349172178011,0.21874133767386267,-0.5046699399772371,-0.05847589297221361
-2.2134226883100236,-0.06859349172178011,0.21874133767386267,-0.5046699399772371,-0.05847589297221361
-1.9389277069871378,-0.9071699183455555,-0.05596094064434819,0.13126427371957847,0.17408658647377537
-1.9389277069871378,-0.9071699183455555,-0.05596094064434819,0.13126427371957847,0.17408658647377537
-1.6355830457067781,0.36086276501506226,-0.37599682037506316,-0.7844091881810713,-0.027715913918378157
-2.01575624576509,-0.8934796720751227,-0.0321100718593683,0.05573264971155008,0.10751507258384291
-2.01575624576509,-0.8934796720751227,-0.0321100718593683,0.05573264971155008,0.10751507258384291
-2.01575624576509,-0.8934796720751227,-0.0321100718593683,0.05573264971155008,0.10751507258384291
-1.9389277069871378,-0.9071699183455555,-0.05596094064434819,0.13126427371957847,0.17408658647377537
-2.01575624576509,-0.8934796720751227,-0.0321100718593683,0.05573264971155008,0.10751507258384291
-2.2134226883100236,-0.06859349172178011,0.21874133767386267,-0.5046699399772371,-0.05847589297221361
-2.2134226883100236,-0.06859349172178011,0.21874133767386267,-0.5046699399772371,-0.05847589297221361
-2.2134226883100236,-0.06859349172178011,0.21874133767386267,-0.5046699399772371,-0.05847589297221361
-2.01575624576509,-0.8934796720751227,-0.0321100718593683,0.05573264971155008,0.10751507258384291
-2.2134226883100236,-0.06859349172178011,0.21874133767386267,-0.5046699399772371,-0.05847589297221361
-2.2134226883100236,-0.06859349172178011,0.21874133767386267,-0.5046699399772371,-0.05847589297221361
-2.2134226883100236,-0.06859349172178011,0.21874133767386267,-0.5046699399772371,-0.05847589297221361
-2.01575624576509,-0.8934796720751227,-0.0321100718593683,0.05573264971155008,0.10751507258384291
-2.2134226883100236,-0.06859349172178011,0.21874133767386267,-0.5046699399772371,-0.05847589297221361
-2.2134226883100236,-0.06859349172178011,0.21874133767386267,-0.5046699399772371,-0.05847589297221361
-2.2134226883100236,-0.06859349172178011,0.21874133767386267,-0.5046699399772371,-0.05847589297221361
-1.9389277069871378,-0.9071699183455555,-0.05596094064434819,0.13126427371957847,0.17408658647377537
-2.01575624576509,-0.8934796720751227,-0.0321100718593683,0.05573264971155008,0.10751507258384291
-2.01575624576509,-0.8934796720751227,-0.0321100718593683,0.05573264971155008,0.10751507258384291
-2.2134226883100236,-0.06859349172178011,0.21874133767386267,-0.5046699399772371,-0.05847589297221361
-2.2134226883100236,-0.06859349172178011,0.21874133767386267,-0.5046699399772371,-0.05847589297221361
-1.6355830457067781,0.36086276501506226,-0.37599682037506316,-0.7844091881810713,-0.027715913918378157
-2.01575624576509,-0.8934796720751227,-0.0321100718593683,0.05573264971155008,0.10751507258384291
-1.6355830457067781,0.36086276501506226,-0.37599682037506316,-0.7844091881810713,-0.027715913918378157
-2.2134226883100236,-0.06859349172178011,0.21874133767386267,-0.5046699399772371,-0.05847589297221361
-1.9389277069871378,-0.9071699183455555,-0.05596094064434819,0.13126427371957847,0.17408658647377537
-2.01575624576509,-0.8934796720751227,-0.0321100718593683,0.05573264971155008,0.10751507258384291
-2.01575624576509,-0.8934796720751227,-0.0321100718593683,0.05573264971155008,0.10751507258384291
-2.2134226883100236,-0.06859349172178011,0.21874133767386267,-0.5046699399772371,-0.05847589297221361
-0.8613993808935115,-0.4499512916591347,-0.2765643193780216,-0.1163589435341759,-0.2597678585336314
-2.2134226883100236,-0.06859349172178011,0.21874133767386267,-0.5046699399772371,-0.05847589297221361
-2.2134226883100236,-0.06859349172178011,0.21874133767386267,-0.5046699399772371,-0.05847589297221361
-2.01575624576509,-0.8934796720751227,-0.0321100718593683,0.05573264971155008,0.10751507258384291
-2.01575624576509,-0.8934796720751227,-0.0321100718593683,0.05573264971155008,0.10751507258384291
-0.4799037605002865,1.2197752784887468,-1.5654731364729146,-1.3438876845887398,0.033804044189292844
-1.9389277069871378,-0.9071699183455555,-0.05596094064434819,0.13126427371957847,0.17408658647377537
-0.4799037605002865,1.2197752784887468,-1.5654731364729146,-1.3438876845887398,0.033804044189292844
-1.437916603161844,-0.4640234153382804,-0.6268482299082941,-0.2240065984922841,0.13827505163767834
-2.01575624576509,-0.8934796720751227,-0.0321100718593683,0.05573264971155008,0.10751507258384291
-2.2134226883100236,-0.06859349172178011,0.21874133767386267,-0.5046699399772371,-0.05847589297221361
-2.2134226883100236,-0.06859349172178011,0.21874133767386267,-0.5046699399772371,-0.05847589297221361
-2.01575624576509,-0.8934796720751227,-0.0321100718593683,0.05573264971155008,0.10751507258384291
-2.01575624576509,-0.8934796720751227,-0.0321100718593683,0.05573264971155008,0.10751507258384291
-2.01575624576509,-0.8934796720751227,-0.0321100718593683,0.05573264971155008,0.10751507258384291
-2.01575624576509,-0.8934796720751227,-0.0321100718593683,0.05573264971155008,0.10751507258384291
-2.2134226883100236,-0.06859349172178011,0.21874133767386267,-0.5046699399772371,-0.05847589297221361
-1.437916603161844,-0.4640234153382804,-0.6268482299082941,-0.2240065984922841,0.13827505163767834
-2.2134226883100236,-0.06859349172178011,0.21874133767386267,-0.5046699399772371,-0.05847589297221361
-2.01575624576509,-0.8934796720751227,-0.0321100718593683,0.05573264971155008,0.10751507258384291
-2.2134226883100236,-0.06859349172178011,0.21874133767386267,-0.5046699399772371,-0.05847589297221361
-1.6355830457067781,0.36086276501506226,-0.37599682037506316,-0.7844091881810713,-0.027715913918378157
-2.01575624576509,-0.8934796720751227,-0.0321100718593683,0.05573264971155008,0.10751507258384291
-2.01575624576509,-0.8934796720751227,-0.0321100718593683,0.05573264971155008,0.10751507258384291
-2.01575624576509,-0.8934796720751227,-0.0321100718593683,0.05573264971155008,0.10751507258384291
-2.2134226883100236,-0.06859349172178011,0.21874133767386267,-0.5046699399772371,-0.05847589297221361
-2.01575624576509,-0.8934796720751227,-0.0321100718593683,0.05573264971155008,0.10751507258384291
-0.4799037605002865,1.2197752784887468,-1.5654731364729146,-1.3438876845887398,0.033804044189292844
-1.9389277069871378,-0.9071699183455555,-0.05596094064434819,0.13126427371957847,0.17408658647377537
-2.2134226883100236,-0.06859349172178011,0.21874133767386267,-0.5046699399772371,-0.05847589297221361
-2.2134226883100236,-0.06859349172178011,0.21874133767386267,-0.5046699399772371,-0.05847589297221361
-1.6355830457067781,0.36086276501506226,-0.37599682037506316,-0.7844091881810713,-0.027715913918378157
-2.2134226883100236,-0.06859349172178011,0.21874133767386267,-0.5046699399772371,-0.05847589297221361
-2.2134226883100236,-0.06859349172178011,0.21874133767386267,-0.5046699399772371,-0.05847589297221361
-1.6355830457067781,0.36086276501506226,-0.37599682037506316,-0.7844091881810713,-0.027715913918378157
-1.6355830457067781,0.36086276501506226,-0.37599682037506316,-0.7844091881810713,-0.027715913918378157
-2.2134226883100236,-0.06859349172178011,0.21874133767386267,-0.5046699399772371,-0.05847589297221361
-1.437916603161844,-0.4640234153382804,-0.6268482299082941,-0.2240065984922841,0.13827505163767834
-2.01575624576509,-0.8934796720751227,-0.0321100718593683,0.05573264971155008,0.10751507258384291
-1.9389277069871378,-0.9071699183455555,-0.05596094064434819,0.13126427371957847,0.17408658647377537
-2.2134226883100236,-0.06859349172178011,0.21874133767386267,-0.5046699399772371,-0.05847589297221361
-2.01575624576509,-0.8934796720751227,-0.0321100718593683,0.05573264971155008,0.10751507258384291
-2.01575624576509,-0.8934796720751227,-0.0321100718593683,0.05573264971155008,0.10751507258384291
-1.437916603161844,-0.4640234153382804,-0.6268482299082941,-0.2240065984922841,0.13827505163767834
-2.01575624576509,-0.8934796720751227,-0.0321100718593683,0.05573264971155008,0.10751507258384291
-2.01575624576509,-0.8934796720751227,-0.0321100718593683,0.05573264971155008,0.10751507258384291
-2.01575624576509,-0.8934796720751227,-0.0321100718593683,0.05573264971155008,0.10751507258384291
-2.01575624576509,-0.8934796720751227,-0.0321100718593683,0.05573264971155008,0.10751507258384291
-2.01575624576509,-0.8934796720751227,-0.0321100718593683,0.05573264971155008,0.10751507258384291
-2.2134226883100236,-0.06859349172178011,0.21874133767386267,-0.5046699399772371,-0.05847589297221361
-2.2134226883100236,-0.06859349172178011,0.21874133767386267,-0.5046699399772371,-0.05847589297221361
-2.01575624576509,-0.8934796720751227,-0.0321100718593683,0.05573264971155008,0.10751507258384291
-2.01575624576509,-0.8934796720751227,-0.0321100718593683,0.05573264971155008,0.10751507258384291
-2.2134226883100236,-0.06859349172178011,0.21874133767386267,-0.5046699399772371,-0.05847589297221361
-1.437916603161844,-0.4640234153382804,-0.6268482299082941,-0.2240065984922841,0.13827505163767834
-1.9389277069871378,-0.9071699183455555,-0.05596094064434819,0.13126427371957847,0.17408658647377537
-2.01575624576509,-0.8934796720751227,-0.0321100718593683,0.05573264971155008,0.10751507258384291
-2.01575624576509,-0.8934796720751227,-0.0321100718593683,0.05573264971155008,0.10751507258384291
-1.9389277069871378,-0.9071699183455555,-0.05596094064434819,0.13126427371957847,0.17408658647377537
-2.2134226883100236,-0.06859349172178011,0.21874133767386267,-0.5046699399772371,-0.05847589297221361
