existing_checking_account_status,duration_mth,credit_history,purpose,credit_amount,saving_accounts_or_bonds,present_employment_since,installment_rate_percent,personal_status_sex,other_debtors_or_guarantors,present_residence_since,property,age_years,other_installment_plans,housing,no_of_existing_credits,job,no_of_ppl_liable,telephone,monthly_affordability_amount,label
A11,0.2084816334711527,A34,A42,0.7284676390425895,A61,A75,1,A92,A101,4,A122,-1.1283959579554579,A143,A152,2,A173,1,A191,0.28634675371611823,0
A14,0.9068476133653771,A32,A43,-0.3457058807672025,A65,A75,4,A93,A101,4,A123,1.8167980556374008,A143,A152,1,A173,1,A192,-0.7855612306011596,0
A14,1.2208750601667522,A34,A41,1.8926382823610137,A65,A75,2,A93,A101,4,A124,0.739461338491375,A143,A153,2,A173,1,A191,1.430454688378343,0
A11,1.3587392138509804,A34,A42,2.2852970721682464,A65,A74,4,A93,A101,4,A122,-0.38359868907389816,A143,A152,2,A174,1,A192,2.4906386932880764,0
A11,0.02701053204185312,A32,A40,-0.10413463131323825,A62,A74,4,A93,A101,3,A123,-0.38359868907389816,A143,A152,1,A174,2,A192,-0.01490060067380669,0
A12,-0.287016914759522,A30,A40,-0.40909058268334986,A61,A72,2,A92,A101,1,A121,-0.8612334532896165,A143,A151,2,A171,1,A191,-0.5834962302966965,1
A11,1.4863814833241447,A32,A42,1.5233108078963982,A61,A74,2,A93,A103,4,A122,0.9697422583438209,A143,A153,1,A173,2,A191,0.7957490925842681,0
A12,0.5225090802725286,A32,A41,2.1299187643717192,A61,A75,4,A92,A101,2,A124,0.894733495760251,A143,A153,1,A174,1,A192,2.6593734681230297,1
A11,0.5225090802725286,A32,A41,0.2364696818954556,A61,A73,3,A93,A103,4,A124,2.092802285909094,A141,A152,1,A173,2,A192,-0.058002662389584264,0
A12,0.5225090802725286,A34,A46,1.1124577683248618,A61,A72,2,A92,A101,4,A124,-1.1283959579554579,A143,A153,2,A173,1,A192,0.8389830212002279,0
A12,-0.6713554478523704,A32,A43,-1.7658307576295884,A61,A72,4,A94,A103,1,A121,-0.8612334532896165,A141,A152,1,A172,1,A191,-1.7675265327049006,0
A12,0.5225090802725286,A32,A43,0.954289229908682,A65,A75,2,A92,A101,4,A123,0.739461338491375,A143,A152,1,A173,1,A192,0.6306394928622048,0
A14,-0.6713554478523704,A34,A46,0.4936895595426805,A65,A72,2,A93,A101,1,A122,0.3163959008835338,A143,A152,2,A172,2,A191,0.9063300761362975,0
A11,-0.6713554478523704,A32,A42,1.5205088802835312,A61,A75,4,A93,A101,4,A124,1.5158962799303233,A143,A153,1,A174,1,A192,2.561321684115195,1
A14,0.3726422129683802,A32,A40,-0.8325159016065031,A65,A74,4,A92,A101,4,A122,-0.9921423676100591,A143,A151,1,A173,1,A191,-1.1653185834100737,0
A14,-1.8652199759772696,A32,A42,-0.593053837334162,A64,A73,4,A91,A101,2,A121,-0.06547718748089627,A143,A152,1,A173,1,A191,0.6596882753661097,0
A12,-1.1668539960830453,A32,A40,0.35149108925426176,A65,A73,1,A92,A101,2,A121,-0.06547718748089627,A143,A152,1,A172,1,A191,0.9903821325475409,0
A12,0.02701053204185312,A32,A43,-0.8144361412729847,A61,A75,4,A94,A103,2,A121,-0.1681852747143106,A143,A152,1,A172,1,A191,-0.9505273963103077,0
A12,0.9068476133653771,A32,A42,0.4477483361817995,A62,A73,2,A92,A102,4,A123,-1.5740902921674929,A143,A151,1,A173,1,A191,-0.28475823674301726,1
A14,-0.6713554478523704,A34,A43,-0.5021205555462066,A61,A75,2,A93,A101,4,A121,2.092802285909094,A143,A152,2,A172,1,A192,-0.4053757473467913,0
A14,-0.287016914759522,A34,A40,0.9442960011149598,A65,A75,1,A92,A101,4,A123,1.8738549914264933,A143,A152,1,A173,1,A192,0.9896457168947336,0
A12,0.5225090802725286,A32,A43,-0.23134360182320857,A61,A72,1,A94,A101,1,A122,-1.4188181348986153,A143,A152,1,A173,1,A192,-1.2335452173540067,1
A14,-0.287016914759522,A34,A43,-0.6550660930416087,A61,A73,4,A93,A101,4,A124,0.13091765995521398,A143,A153,2,A173,1,A192,-0.5525692005885321,0
A11,0.5225090802725286,A32,A42,0.2680370120908764,A65,A73,2,A94,A101,4,A123,-1.7369396364916188,A143,A152,1,A173,1,A191,-0.27330897768476425,1
A13,-0.6713554478523704,A32,A42,-0.10298111654502914,A61,A73,1,A92,A101,2,A123,1.043102342472338,A143,A152,1,A172,1,A191,-0.05360344135101048,0
A14,-1.1668539960830453,A32,A49,-0.674620907325479,A61,A74,3,A92,A101,2,A123,-0.735265693778886,A143,A152,2,A173,1,A191,-0.09997963920829649,0
A14,1.7163736083974277,A31,A49,0.5096080689501009,A61,A73,1,A92,A101,1,A121,-0.735265693778886,A142,A152,1,A173,1,A191,-1.139949180631703,0
A11,0.5225090802725286,A32,A43,-0.8335277566509764,A62,A73,4,A92,A101,2,A123,-0.1681852747143106,A143,A152,1,A172,1,A191,-1.2441519131783996,1
A11,1.2208750601667522,A34,A46,1.5530957533355219,A61,A73,3,A92,A101,2,A124,-0.9921423676100591,A143,A152,2,A174,1,A192,1.3080552844409965,1
A14,-0.6713554478523704,A34,A42,-0.5524843469128546,A64,A74,3,A92,A101,2,A122,0.13091765995521398,A143,A152,1,A173,1,A191,-0.31381618830046815,0
A12,-0.6713554478523704,A32,A43,1.2667355970652654,A65,A71,2,A93,A101,1,A124,1.4523181773692513,A143,A152,1,A174,1,A192,1.9246055223024467,1
A14,1.2208750601667522,A32,A46,-0.3795058345120355,A61,A73,4,A93,A101,4,A124,0.3163959008835338,A142,A153,1,A173,1,A192,-0.9647488799778146,1
A11,0.02701053204185312,A32,A40,-0.9021173515093837,A61,A72,4,A92,A101,3,A123,-1.2704492881865297,A143,A151,1,A173,1,A192,-1.0660232647840526,1
A12,0.5225090802725286,A33,A40,-0.2793161462424544,A65,A73,4,A92,A101,4,A123,0.739461338491375,A143,A151,2,A173,1,A192,-0.5141306111253389,0
A14,-0.6713554478523704,A32,A40,-1.7350537254894072,A61,A73,4,A91,A101,2,A121,1.253977687520487,A143,A152,1,A172,1,A191,-1.7269862613458387,0
A14,1.7163736083974277,A34,A41,0.1573252307966599,A65,A75,4,A93,A101,3,A123,0.4054078282982945,A143,A152,2,A173,2,A192,-0.4423983525913956,0
A12,0.02701053204185312,A33,A40,0.22532669716054501,A65,A75,4,A93,A101,4,A123,0.8180002436191302,A143,A152,1,A173,2,A191,0.419074046322987,0
A12,0.9068476133653771,A34,A40,-0.14397698146362709,A65,A75,4,A93,A101,4,A121,0.2249449894622613,A143,A152,2,A173,1,A191,-0.5198389126894619,0
A14,0.9068476133653771,A34,A43,1.1187693515163217,A61,A74,4,A92,A101,2,A123,-0.9921423676100591,A143,A152,2,A173,1,A191,1.143481928758172,0
A14,-0.6713554478523704,A32,A43,-0.20988302666430073,A62,A73,4,A92,A102,2,A121,-0.6138796089263456,A143,A152,1,A173,1,A191,0.28200647445911015,0
A14,0.02701053204185312,A32,A43,-0.6254129634760706,A61,A73,4,A93,A101,2,A124,-0.1681852747143106,A143,A153,1,A174,1,A192,-0.7015413704278933,0
A11,-1.3697214277465948,A34,A40,-1.562530095617796,A61,A75,4,A93,A101,4,A121,1.1148846674297157,A143,A152,2,A172,1,A191,-1.0022141659860428,0
A11,-0.4058490246949788,A32,A40,1.692265982927844,A61,A75,1,A91,A101,4,A122,0.9697422583438209,A143,A152,1,A174,1,A192,2.0778954923860433,1
A11,0.9068476133653771,A34,A41,1.910597316679045,A61,A75,3,A93,A101,4,A124,0.4054078282982945,A143,A153,3,A174,2,A192,1.935898111084294,0
A14,0.02701053204185312,A33,A43,-0.06380002706023076,A61,A71,2,A94,A101,3,A121,0.034164524282470375,A143,A152,2,A173,1,A191,-0.3631981369136816,0
A14,0.2925169551992456,A34,A40,2.140296752846818,A65,A75,4,A93,A101,4,A124,-0.38359868907389816,A143,A153,1,A174,1,A192,2.793301908289081,1
A12,0.5225090802725286,A32,A43,0.3089666816007552,A62,A72,3,A94,A101,2,A123,-1.4188181348986153,A143,A151,1,A173,1,A192,0.03749218673635075,1
A14,-1.8652199759772696,A32,A40,0.4764672004961822,A61,A73,2,A93,A103,3,A122,-0.8612334532896165,A143,A151,1,A173,1,A191,1.8945038782876609,0
A14,-1.8652199759772696,A32,A43,-0.5500412259613314,A61,A74,3,A93,A101,2,A122,1.3875054717001896,A143,A152,1,A173,2,A191,0.6315661322412898,0
A14,0.02701053204185312,A32,A42,-0.6014914745289637,A61,A72,4,A94,A102,1,A122,0.8180002436191302,A143,A152,1,A172,2,A191,-0.6700313908817385,1
A14,0.5225090802725286,A34,A46,-0.5484150302237255,A61,A75,4,A93,A101,4,A124,1.5782859368799818,A143,A153,2,A173,2,A191,-0.8685943465931455,0
A11,0.5225090802725286,A32,A43,0.0011123399386299081,A61,A72,4,A92,A101,4,A121,0.13091765995521398,A143,A152,1,A173,1,A192,-0.14474324216751003,1
A11,-0.6713554478523704,A32,A48,-1.289751332794021,A61,A74,4,A94,A101,4,A122,-1.5740902921674929,A143,A151,1,A173,1,A191,-1.140422886603103,1
A11,1.2208750601667522,A32,A410,2.4304440303652677,A61,A71,2,A91,A102,3,A123,0.8180002436191302,A143,A152,1,A174,1,A191,2.1388657808855625,0
A12,-0.6713554478523704,A32,A40,-1.1468528723627391,A64,A73,4,A94,A101,1,A121,-1.4188181348986153,A143,A152,1,A173,1,A191,-0.9521934843563212,0
A14,0.5225090802725286,A33,A40,-0.23580635650465312,A61,A75,4,A93,A101,4,A124,1.929952941584968,A143,A153,2,A173,1,A192,-0.4568184351262987,0
A11,0.5225090802725286,A31,A42,1.3453612040609324,A61,A72,2,A91,A101,1,A122,1.639530764641812,A141,A152,1,A173,1,A192,1.1457692130004125,1
A14,-1.8652199759772696,A34,A43,-0.43712621149137876,A61,A75,2,A94,A101,2,A121,-0.38359868907389816,A143,A151,2,A173,1,A191,0.6910959387198841,0
A12,-0.5334912941681423,A32,A43,-0.19247226583304575,A61,A72,2,A92,A103,4,A122,-1.2704492881865297,A143,A152,1,A172,1,A191,-0.10697129804230679,0
A14,0.02701053204185312,A34,A43,-1.0345823595344381,A61,A71,4,A92,A101,4,A123,2.1971154462508093,A143,A152,2,A171,1,A191,-1.2405094643128525,0
A12,0.2925169551992456,A34,A49,0.5249783831164629,A61,A74,2,A93,A101,3,A122,-0.735265693778886,A143,A152,2,A173,1,A191,0.22265230383156023,0
A14,-2.5635859558714937,A34,A40,-0.6692584863529362,A61,A74,2,A93,A101,1,A121,0.739461338491375,A143,A152,3,A172,2,A191,1.0162489280665041,0
A14,0.5225090802725286,A32,A40,-0.6524222129512891,A62,A72,4,A94,A101,3,A121,-0.06547718748089627,A143,A152,1,A173,1,A192,-1.005595191634407,0
A12,-1.3697214277465948,A32,A43,-0.7063511929367201,A61,A73,4,A93,A103,2,A121,-0.06547718748089627,A143,A152,1,A173,1,A191,0.12556595551823058,0
A12,0.5225090802725286,A32,A40,0.14166432288131972,A61,A73,3,A92,A101,4,A122,-1.7369396364916188,A143,A151,1,A172,1,A192,-0.18288263662558285,1
A14,-0.287016914759522,A34,A42,0.17466257083872377,A61,A74,2,A92,A102,3,A123,-1.1283959579554579,A141,A152,2,A173,1,A191,0.18543792627508457,0
A14,-0.6713554478523704,A32,A46,-0.7257685730915514,A61,A75,4,A93,A101,4,A122,1.1148846674297157,A141,A152,3,A173,2,A192,-0.39753078394580127,0
A14,2.1007121414902756,A32,A40,1.87881623093022,A61,A75,2,A93,A101,4,A122,0.739461338491375,A143,A152,1,A174,1,A192,0.9597909602839568,0
A14,-1.1668539960830453,A32,A43,-0.6489053977127749,A61,A74,4,A93,A101,2,A123,-1.4188181348986153,A143,A152,1,A173,1,A191,0.050930133144584305,1
A12,-0.6713554478523704,A34,A43,0.496598395792927,A61,A73,1,A92,A101,1,A121,-1.2704492881865297,A143,A152,1,A172,1,A191,0.736177588242817,0
A11,-1.8652199759772696,A34,A40,0.5334786582388897,A61,A73,1,A93,A101,3,A121,0.3163959008835338,A143,A151,3,A173,2,A191,1.8754833663378556,0
A11,0.02701053204185312,A34,A42,-1.093826459304498,A61,A72,4,A92,A101,4,A122,-1.5740902921674929,A143,A151,1,A173,1,A191,-1.3185472643892897,0
A14,0.5225090802725286,A33,A49,0.5978692776686799,A61,A73,1,A93,A101,2,A124,-0.1681852747143106,A143,A153,1,A173,1,A191,-0.14128541153791496,0
A12,1.7163736083974277,A30,A49,2.090643764914449,A65,A73,2,A93,A101,2,A123,1.18515567270341,A141,A152,1,A174,1,A192,1.4227958624617967,0
A12,-1.8652199759772696,A33,A49,-0.674620907325479,A62,A75,1,A91,A101,2,A123,-0.274154475508948,A141,A152,2,A173,2,A191,0.2841446045732957,0
A12,0.02701053204185312,A32,A40,1.1399577371030205,A62,A73,2,A93,A101,2,A123,-0.38359868907389816,A143,A152,2,A173,1,A192,1.2224214961776902,0
A14,0.02701053204185312,A32,A43,-0.6710434990536235,A61,A72,3,A92,A101,1,A121,-0.8612334532896165,A143,A152,1,A173,1,A191,-0.9506037868409556,0
A12,1.2208750601667522,A33,A40,0.2086574698514809,A62,A75,4,A93,A101,3,A124,-0.38359868907389816,A143,A153,1,A173,1,A191,-0.19000556315197956,0
A13,1.4863814833241447,A34,A41,0.8786121710219841,A61,A75,4,A93,A101,4,A124,1.6996720217325236,A143,A153,1,A173,1,A191,0.5893459530588875,0
A14,-1.8652199759772696,A34,A43,-1.618763666129289,A65,A75,4,A93,A101,4,A124,0.2249449894622613,A143,A153,2,A173,1,A191,-0.6914021938387704,0
A14,-0.287016914759522,A32,A43,-0.7323061387004377,A65,A73,4,A94,A101,2,A121,0.576611994167249,A143,A151,1,A173,1,A192,-0.6543117076806017,0
A14,0.5225090802725286,A34,A41,0.6566494763101373,A65,A74,3,A93,A101,4,A122,0.8180002436191302,A143,A152,2,A173,1,A192,0.49546860175244245,0
A14,-0.9853828946537456,A34,A42,-0.16497103351610454,A61,A72,1,A92,A101,3,A121,-1.2704492881865297,A143,A151,2,A173,1,A191,0.14559627595843247,0
A11,-0.6713554478523704,A32,A43,-0.12448890967311381,A61,A73,4,A93,A101,3,A122,-1.1283959579554579,A143,A152,1,A172,1,A191,0.39448972688975675,0
A14,0.02701053204185312,A34,A43,-1.7575519159702613,A63,A75,4,A93,A101,3,A122,-0.1681852747143106,A141,A152,2,A174,1,A192,-2.1928229254923544,0
A12,2.1007121414902756,A32,A40,2.271310479114831,A61,A74,4,A93,A101,2,A124,-0.735265693778886,A143,A152,1,A174,1,A192,2.2209129102206604,1
A12,0.5225090802725286,A32,A42,0.7522462512845807,A65,A73,1,A92,A101,4,A122,1.18515567270341,A143,A152,1,A172,1,A192,0.062063773447618285,0
A12,1.7163736083974277,A31,A49,0.49405352084889237,A62,A74,4,A93,A101,2,A123,-0.38359868907389816,A143,A152,1,A173,1,A191,0.0011485167367883999,0
A12,0.02701053204185312,A32,A49,-0.3141199906386481,A64,A72,3,A94,A101,3,A121,0.2249449894622613,A141,A152,1,A173,1,A192,-0.4804552741557352,0
A12,0.02701053204185312,A32,A41,2.1702419849252768,A61,A71,3,A92,A101,4,A124,0.4054078282982945,A143,A153,1,A174,1,A192,2.7920080414998503,1
A11,1.7163736083974277,A31,A49,1.4904642295996655,A61,A74,2,A92,A103,4,A123,0.3163959008835338,A143,A151,1,A173,1,A191,0.6322244676959335,1
A14,-0.6713554478523704,A32,A43,-0.1499407053271117,A61,A72,2,A92,A101,2,A123,-0.4967535750214654,A141,A152,1,A173,1,A191,0.05852430091145923,0
A12,1.7163736083974277,A30,A49,2.307258741415354,A61,A73,2,A93,A101,2,A123,-0.9921423676100591,A143,A152,1,A173,1,A192,1.7081264910872436,1
A11,-1.8652199759772696,A32,A43,0.10731488561524281,A63,A73,2,A93,A101,3,A121,0.894733495760251,A143,A151,1,A173,2,A191,1.408247277913232,0
A13,0.5225090802725286,A34,A49,-0.840632919650096,A64,A73,2,A91,A101,4,A121,0.2249449894622613,A143,A152,2,A173,1,A192,-1.7336765555491673,0
A14,-0.6713554478523704,A32,A43,-0.280637637221,A61,A74,4,A93,A101,2,A123,-0.274154475508948,A143,A151,2,A174,2,A192,0.1888067436075936,0
A14,0.9068476133653771,A33,A49,0.7284676390425895,A62,A73,2,A93,A101,2,A122,-0.8612334532896165,A143,A152,2,A172,1,A191,0.08501220317036254,0
A13,-0.6713554478523704,A32,A43,-0.3360111417595297,A61,A73,2,A92,A101,2,A123,0.894733495760251,A143,A151,1,A172,1,A192,-0.18657230068778902,0
A12,1.7163736083974277,A32,A40,1.2850639291591461,A62,A74,3,A93,A101,2,A122,-1.1283959579554579,A143,A152,1,A173,1,A191,0.73610924222866,1
A13,1.2208750601667522,A32,A43,0.7881324662933749,A61,A75,4,A93,A101,2,A123,-0.274154475508948,A143,A152,1,A173,1,A191,0.5732932986273338,0
A14,1.2208750601667522,A34,A41,1.1346374534824568,A61,A75,2,A93,A101,2,A122,0.13091765995521398,A143,A152,2,A173,2,A192,0.43199716482099315,0
A14,0.5225090802725286,A32,A43,0.3457922543733372,A61,A72,4,A92,A101,4,A122,-0.8612334532896165,A143,A152,1,A173,1,A192,0.30927770434727986,0
A14,-0.6713554478523704,A33,A41,-0.6271386339814168,A61,A73,4,A94,A101,4,A121,0.6590297486152044,A143,A151,1,A173,1,A191,-0.26761297778955623,0
A14,-0.6713554478523704,A34,A43,-1.187429879428768,A65,A75,4,A93,A101,4,A123,0.13091765995521398,A143,A152,2,A173,1,A191,-1.005642526158103,0
A12,-1.1668539960830453,A32,A43,-0.49041186833693184,A61,A72,4,A92,A101,2,A123,-1.4188181348986153,A143,A152,1,A173,1,A192,0.25970174764874526,1
A14,-0.6713554478523704,A32,A42,-1.5069305225254896,A61,A73,4,A92,A101,1,A121,-0.8612334532896165,A143,A152,1,A173,1,A192,-1.4264967109131483,0
A11,-0.6713554478523704,A32,A46,-0.9193057356251144,A65,A73,4,A92,A101,4,A122,-1.2704492881865297,A141,A151,1,A173,1,A192,-0.6524627426686823,0
A12,0.5225090802725286,A32,A41,0.16156378882318065,A65,A75,4,A93,A101,4,A124,0.2249449894622613,A141,A153,1,A173,1,A192,0.06660739255603668,0
A11,0.5225090802725286,A32,A41,0.25410180136472804,A65,A75,4,A93,A101,4,A124,1.253977687520487,A141,A153,1,A173,2,A192,0.18850076168842803,0
A11,0.7253765119360776,A32,A43,0.4382856719057869,A61,A73,3,A93,A101,2,A123,-0.735265693778886,A143,A152,1,A174,1,A191,0.09368195684774723,0
A14,0.5225090802725286,A34,A43,0.9591299887459476,A61,A72,3,A94,A101,3,A124,1.1148846674297157,A143,A153,3,A173,1,A192,0.8939034475531256,0
A11,0.02701053204185312,A30,A42,0.3181673287890826,A61,A72,1,A92,A101,4,A122,-0.8612334532896165,A143,A151,1,A173,1,A191,-0.10274066590027196,1
A14,0.5225090802725286,A32,A41,1.7347801662400255,A65,A73,2,A91,A101,4,A124,1.18515567270341,A143,A153,1,A173,1,A192,1.6587215447001786,0
A14,-2.179247422778645,A32,A49,0.45038556403137747,A61,A74,1,A93,A101,4,A121,2.629947531542403,A143,A152,1,A172,1,A191,2.061483049310284,0
A14,-0.287016914759522,A34,A43,-0.6656958100485832,A61,A73,4,A92,A101,2,A123,0.8180002436191302,A143,A152,1,A172,1,A191,-0.5665709279146094,0
A11,0.9068476133653771,A32,A42,1.2428421033296024,A65,A75,4,A93,A101,4,A122,-0.274154475508948,A143,A152,1,A173,1,A191,1.3069136399077674,1
A14,2.1007121414902756,A33,A43,2.41364077294493,A61,A74,2,A93,A101,4,A123,-1.5740902921674929,A143,A152,2,A173,1,A192,1.6642751341967228,0
A14,0.5225090802725286,A34,A43,0.07303860479946842,A64,A75,2,A93,A101,2,A123,0.034164524282470375,A143,A152,1,A173,1,A191,-0.5301657243058149,0
A12,-0.287016914759522,A34,A49,-0.06044822830802967,A63,A73,2,A93,A101,4,A123,-0.735265693778886,A141,A152,1,A173,1,A191,-0.12425585944934699,0
A14,0.02701053204185312,A33,A49,-0.15113674599130567,A61,A73,4,A94,A101,2,A123,-0.6138796089263456,A143,A152,1,A173,1,A192,-0.07681295384742283,1
A13,-0.9853828946537456,A32,A44,-0.8925480035513599,A61,A73,2,A93,A101,2,A123,0.3163959008835338,A143,A152,1,A173,1,A192,-0.6640517225623939,0
A14,-0.287016914759522,A34,A41,0.41992162919650605,A64,A75,3,A93,A101,4,A124,-1.2704492881865297,A143,A151,2,A173,1,A192,0.6951610250277603,0
A11,0.5225090802725286,A32,A42,0.6495669758141032,A61,A73,2,A93,A101,2,A123,-0.735265693778886,A142,A152,1,A173,1,A191,0.2292517692548052,0
A12,2.1007121414902756,A33,A43,1.7178845729680332,A65,A73,2,A93,A101,2,A124,-0.735265693778886,A143,A153,1,A174,1,A191,0.747807782233044,0
A14,1.2208750601667522,A33,A43,0.7826084573815242,A61,A73,4,A92,A101,4,A121,0.034164524282470375,A143,A152,2,A173,1,A191,0.5660169368502677,0
A12,0.02701053204185312,A34,A42,1.2450881497272341,A61,A75,2,A93,A101,1,A124,0.6590297486152044,A143,A152,1,A173,1,A192,1.3609018875443248,0
A14,-0.6713554478523704,A34,A43,-1.9995265702179674,A63,A75,4,A93,A101,4,A122,0.739461338491375,A143,A152,2,A173,2,A192,-2.075356462980743,0
A11,-0.6713554478523704,A32,A40,-0.9543809526757447,A61,A73,4,A94,A101,3,A121,-0.735265693778886,A143,A152,1,A172,1,A191,-0.6986646899758138,0
A14,-1.8652199759772696,A32,A40,-1.671738532881441,A61,A71,1,A92,A101,4,A121,1.5782859368799818,A143,A152,1,A171,1,A192,-1.0292835041807897,0
A13,-0.287016914759522,A32,A46,-0.3195582553969863,A61,A75,4,A93,A101,4,A123,0.576611994167249,A143,A151,1,A174,1,A192,-0.11062994149254753,0
A11,-0.6713554478523704,A32,A40,-0.8893738380174349,A61,A73,4,A92,A101,2,A121,-1.1283959579554579,A143,A152,1,A172,1,A191,-0.613035703512337,1
A13,0.02701053204185312,A31,A43,-0.6782082047827434,A65,A74,4,A93,A101,4,A123,1.253977687520487,A141,A152,1,A172,1,A191,-0.7710845739210388,0
A11,-0.9853828946537456,A34,A42,-0.1734646853442867,A65,A72,2,A92,A102,3,A121,-0.735265693778886,A143,A151,2,A173,1,A191,0.28314268907256696,0
A14,-2.5635859558714937,A34,A43,-0.6271386339814168,A61,A74,2,A93,A101,1,A121,0.739461338491375,A143,A152,2,A172,2,A191,1.0717302440350998,0
A11,-0.287016914759522,A32,A43,-1.0888875226909283,A61,A72,4,A94,A101,2,A121,-0.735265693778886,A143,A152,1,A173,1,A191,-1.124009565574158,0
A14,0.02701053204185312,A32,A40,-0.37879261436284306,A61,A73,2,A94,A101,2,A122,-0.38359868907389816,A143,A152,1,A174,1,A192,-0.7781141985786719,0
A14,0.5225090802725286,A32,A40,-0.10067715849858042,A65,A72,4,A93,A101,1,A122,1.5782859368799818,A143,A152,1,A173,1,A191,-0.2788228983654139,0
A13,-1.8652199759772696,A34,A40,-0.7732045571048686,A61,A75,1,A93,A101,4,A121,1.043102342472338,A143,A152,2,A173,2,A191,0.15428777187351925,0
A11,0.5225090802725286,A31,A41,0.5178520388551647,A61,A73,1,A92,A103,4,A123,-1.4188181348986153,A141,A151,1,A173,1,A191,-0.24668610644987082,0
A11,0.02701053204185312,A32,A43,-0.3353214239496239,A61,A73,4,A92,A101,4,A123,-0.9921423676100591,A141,A151,2,A173,1,A191,-0.3194255875348369,1
A14,1.2208750601667522,A32,A49,1.1122317859074342,A62,A74,2,A93,A101,2,A123,-0.274154475508948,A143,A152,2,A173,1,A192,0.40248386284518434,0
A14,-0.287016914759522,A32,A42,-0.12039243357623258,A63,A73,2,A92,A101,4,A123,-1.7369396364916188,A143,A151,1,A173,1,A191,-0.20321585588134636,0
A14,0.02701053204185312,A34,A42,-0.38093345184940297,A61,A73,4,A92,A101,2,A124,-0.6138796089263456,A143,A152,2,A173,1,A191,-0.37950688386880005,0
A14,0.2084816334711527,A34,A40,0.4642368563775375,A65,A72,2,A91,A101,4,A121,0.894733495760251,A143,A152,2,A173,1,A192,0.2017956394938803,0
A11,-0.6713554478523704,A32,A40,-1.2926319200562624,A65,A73,4,A94,A101,2,A123,-1.2704492881865297,A143,A152,1,A173,1,A191,-1.1442172677101836,1
A14,0.5225090802725286,A32,A40,0.5617628469837015,A61,A75,4,A92,A102,4,A124,2.0393971551499197,A143,A153,1,A173,1,A192,0.5937595345030439,0
A12,-0.6713554478523704,A32,A43,-0.9655392675870264,A63,A73,3,A91,A101,1,A123,-0.8612334532896165,A143,A152,1,A173,1,A192,-0.8579023917412643,0
A12,0.02701053204185312,A34,A42,0.5106863440672172,A61,A75,3,A92,A101,4,A122,0.3163959008835338,A143,A152,1,A173,1,A192,0.6060001213920946,0
A12,-1.8652199759772696,A32,A45,-2.1806476274147117,A61,A72,3,A94,A101,1,A122,-1.4188181348986153,A143,A152,1,A172,1,A191,-1.5163091305082612,0
A11,-0.6713554478523704,A34,A40,-1.6355566197464033,A61,A75,4,A93,A101,3,A122,0.13091765995521398,A143,A152,2,A173,1,A191,-1.5959262017569082,1
A12,1.2208750601667522,A32,A46,2.1333187292358895,A62,A73,1,A93,A101,4,A124,1.1148846674297157,A143,A153,1,A173,2,A192,1.346057673428387,1
A11,0.02701053204185312,A32,A42,-0.23134360182320857,A61,A73,1,A92,A101,4,A121,-1.7369396364916188,A141,A151,1,A173,1,A191,-0.8265701157421375,1
A13,-0.287016914759522,A32,A49,0.12677837801087644,A61,A74,2,A93,A101,4,A122,-0.8612334532896165,A143,A151,1,A173,1,A192,0.12236367784824666,0
A14,0.5225090802725286,A34,A41,1.1261688070629847,A64,A73,4,A93,A101,2,A121,-0.735265693778886,A143,A152,2,A173,1,A191,1.3372090872106666,0
A12,1.2208750601667522,A32,A42,1.700335232290913,A62,A72,4,A93,A102,1,A124,-0.4967535750214654,A143,A151,1,A174,1,A192,1.7748694447478712,1
A12,0.02701053204185312,A32,A43,0.3587815805011581,A63,A72,1,A94,A101,3,A121,-0.9921423676100591,A143,A151,1,A173,1,A191,-0.0492425645254093,0
A13,-1.8652199759772696,A33,A43,-1.6506683366998025,A61,A72,2,A92,A101,1,A122,-0.4967535750214654,A141,A152,1,A173,1,A191,-0.9074118978226745,0
A14,0.2925169551992456,A34,A42,-0.0818239838674359,A61,A72,4,A92,A101,4,A122,-1.2704492881865297,A143,A152,1,A173,1,A192,-0.133730732437253,0
A14,-0.287016914759522,A34,A42,-0.6125430659705688,A65,A75,4,A93,A101,4,A122,2.092802285909094,A143,A152,1,A173,1,A191,-0.4965568128892635,0
A14,0.2925169551992456,A33,A41,0.2667369244595567,A61,A73,3,A93,A101,2,A121,-0.6138796089263456,A142,A152,2,A172,1,A191,0.11825164438473859,0
A14,-0.6713554478523704,A33,A45,-0.5830005602341921,A64,A75,4,A93,A101,4,A124,1.639530764641812,A143,A153,2,A173,2,A191,-0.2094732104842259,1
A12,-0.287016914759522,A32,A43,-1.4422392284574808,A61,A75,4,A93,A101,3,A123,0.3163959008835338,A143,A152,1,A173,2,A191,-1.589453211073077,1
A12,-0.6713554478523704,A32,A42,-0.30802906093826765,A61,A73,4,A93,A101,2,A122,0.3163959008835338,A143,A152,1,A172,1,A191,0.15272607977518649,1
A12,-0.6713554478523704,A34,A44,-0.6972059540395131,A61,A74,4,A93,A101,3,A122,-0.8612334532896165,A143,A152,1,A173,1,A191,-0.3599073925212792,0
A12,0.02701053204185312,A34,A40,-1.0851956168472188,A61,A75,3,A93,A103,3,A121,-0.38359868907389816,A141,A152,2,A173,1,A191,-1.496135245586203,1
A11,-0.6713554478523704,A32,A40,-0.7454809120510605,A61,A74,2,A91,A101,3,A123,0.2249449894622613,A143,A152,1,A173,1,A191,-0.7259360549751624,1
A11,0.9068476133653771,A32,A45,2.068551914153109,A61,A72,1,A91,A101,1,A124,0.034164524282470375,A143,A152,1,A172,1,A192,1.4952724204117096,1
A12,-1.1668539960830453,A32,A43,-0.9128333829124844,A61,A75,4,A92,A101,4,A121,-0.9921423676100591,A143,A152,1,A173,1,A191,-0.2967223659824377,0
A11,0.5225090802725286,A33,A40,0.8984822257077593,A61,A73,3,A93,A101,4,A124,1.5158962799303233,A143,A153,2,A173,2,A191,0.8140167073473268,1
A11,0.5225090802725286,A33,A43,-0.49898789493310697,A61,A72,4,A92,A101,2,A123,-0.4967535750214654,A143,A151,1,A172,1,A192,-0.8034876960215099,1
A11,0.02701053204185312,A32,A42,0.691806024727772,A61,A73,2,A93,A102,3,A123,0.739461338491375,A143,A152,1,A173,1,A191,0.6321049267641927,1
A13,-0.6713554478523704,A31,A49,-1.7994846119655161,A61,A72,4,A92,A101,1,A121,-0.8612334532896165,A143,A152,1,A171,1,A191,-1.8118562257319182,1
A14,-2.5635859558714937,A32,A42,-1.816644584700335,A61,A72,1,A92,A101,3,A121,-1.2704492881865297,A143,A151,1,A172,2,A191,-0.5596286547829381,0
A12,-1.1668539960830453,A32,A40,-2.826510162985512,A61,A73,4,A94,A101,4,A121,-1.4188181348986153,A143,A151,1,A172,1,A191,-2.8174649640450142,0
A12,0.9068476133653771,A31,A42,0.46832645847772625,A64,A73,4,A93,A101,2,A123,0.034164524282470375,A142,A152,1,A173,2,A192,0.2867023904565799,0
A12,1.7163736083974277,A32,A42,1.826967571881854,A61,A72,1,A92,A101,2,A123,-0.8612334532896165,A143,A152,1,A173,1,A192,0.5953094850850322,1
A12,1.7163736083974277,A32,A43,1.1586268993072464,A61,A73,2,A92,A101,2,A121,-1.4188181348986153,A143,A152,1,A173,1,A191,0.1951200920742878,1
A14,0.7253765119360776,A32,A40,0.06900533339804364,A61,A73,3,A92,A101,3,A121,-1.5740902921674929,A143,A151,1,A173,1,A191,-0.3927432794285229,1
A11,-0.6713554478523704,A34,A40,0.8912675445534297,A61,A75,3,A93,A102,4,A122,0.8180002436191302,A143,A151,2,A173,1,A192,1.5879296716841036,1
A11,1.7163736083974277,A30,A41,0.8258740406034838,A61,A75,3,A93,A101,4,A124,-1.1283959579554579,A143,A153,2,A173,2,A191,0.13125291291807914,1
A14,2.1007121414902756,A32,A43,1.850722467308004,A62,A74,2,A92,A101,4,A121,-1.5740902921674929,A143,A152,1,A173,1,A192,0.9227851568798339,0
A14,-1.8652199759772696,A32,A42,0.2602168771039636,A63,A73,1,A93,A101,2,A123,-0.1681852747143106,A143,A152,1,A173,1,A192,1.5155361593163135,0
A14,1.2208750601667522,A34,A43,1.7745897374628123,A61,A73,2,A92,A101,2,A123,-0.274154475508948,A142,A152,2,A173,1,A191,1.274958212242575,0
A14,-0.6713554478523704,A34,A40,-0.6340643557102882,A61,A75,4,A93,A101,1,A121,0.4054078282982945,A143,A152,2,A172,2,A191,-0.2767357105133262,0
A11,1.7163736083974277,A30,A42,1.3911858344102734,A61,A73,3,A93,A101,4,A124,1.5158962799303233,A143,A153,2,A173,2,A191,0.8758956523160913,1
A11,-1.8652199759772696,A32,A40,-0.916065524132004,A62,A75,3,A93,A101,2,A122,0.8180002436191302,A143,A152,1,A173,1,A192,0.1494298331900133,0
A11,-0.287016914759522,A33,A42,0.5217763701802877,A61,A75,1,A92,A101,4,A122,-0.735265693778886,A143,A152,2,A172,1,A191,0.4330923619577203,0
A12,0.9068476133653771,A32,A40,-0.16255445175855898,A61,A73,4,A92,A103,2,A124,-1.1283959579554579,A141,A152,1,A173,1,A191,-0.5443096181002732,1
A14,-0.9853828946537456,A34,A42,-0.2123894572431643,A65,A73,2,A94,A101,1,A123,-0.8612334532896165,A143,A152,2,A173,1,A191,0.23187001248105515,0
A12,1.6052135932596008,A34,A41,0.81767590488919,A62,A71,3,A93,A101,4,A123,-0.735265693778886,A143,A152,1,A173,1,A191,0.1665315235350463,0
A14,-0.6713554478523704,A32,A43,-1.312977080784612,A65,A73,4,A92,A101,2,A123,-1.5740902921674929,A143,A152,1,A173,1,A191,-1.1710164188763612,0
A11,-0.6713554478523704,A32,A40,0.524622993814286,A64,A73,1,A93,A101,3,A122,-0.274154475508948,A143,A152,1,A173,2,A191,0.7730922849991424,0
A13,-0.6713554478523704,A33,A40,-0.10528917234027274,A61,A73,2,A92,A101,2,A123,0.2249449894622613,A142,A152,2,A173,1,A192,0.11734040948357986,0
A14,-1.8652199759772696,A32,A46,-0.5972657982819718,A61,A72,1,A92,A101,2,A124,1.6996720217325236,A143,A152,1,A173,1,A191,0.3860386760142974,0
A11,1.2208750601667522,A34,A42,1.2178755669125825,A61,A72,4,A92,A102,4,A124,-1.2704492881865297,A143,A151,2,A172,1,A192,1.1393615872925653,1
A11,1.2208750601667522,A33,A49,-0.16557588275976906,A61,A74,2,A93,A101,1,A123,-1.1283959579554579,A143,A152,2,A173,1,A192,-1.2806761441532484,1
A12,1.2208750601667522,A32,A46,-0.09035966929231426,A61,A74,3,A93,A101,1,A123,-0.1681852747143106,A143,A152,2,A173,2,A191,-0.856745028220388,0
A12,0.02701053204185312,A34,A42,-0.820434783828537,A61,A72,4,A92,A101,1,A122,-0.735265693778886,A143,A152,2,A173,1,A191,-0.9584289573146453,0
A11,0.02701053204185312,A32,A44,-0.9010505992678189,A61,A73,4,A94,A101,3,A121,1.1148846674297157,A143,A152,1,A172,1,A192,-1.0646181122290892,1
A12,1.7163736083974277,A33,A410,1.4729538421001802,A62,A71,2,A93,A101,4,A124,-0.274154475508948,A143,A153,1,A174,1,A192,0.6091593502538712,0
A14,1.7163736083974277,A34,A41,1.6748039025097325,A65,A74,2,A93,A101,1,A124,0.13091765995521398,A143,A153,2,A173,1,A192,0.8750412645844858,0
A12,0.5225090802725286,A30,A49,0.7190164461114809,A61,A73,1,A93,A101,4,A121,0.2249449894622613,A143,A152,3,A172,1,A192,0.018292648512947048,1
A14,1.2208750601667522,A32,A40,-1.2797193356203194,A63,A75,4,A93,A101,4,A122,0.2249449894622613,A143,A152,1,A173,1,A191,-2.1505324685251503,0
A11,0.5225090802725286,A34,A41,1.256867077805737,A61,A75,2,A92,A101,4,A124,0.894733495760251,A143,A153,2,A174,2,A192,1.0292025513506413,0
A14,-1.1668539960830453,A32,A43,0.1582683296962998,A62,A75,3,A93,A102,4,A123,0.13091765995521398,A143,A152,1,A173,1,A192,0.9971227560815294,0
A14,0.5225090802725286,A32,A49,0.8219227856145803,A64,A73,2,A93,A101,3,A122,1.5782859368799818,A143,A152,3,A174,1,A192,0.4562831239285301,1
A12,0.02701053204185312,A33,A45,1.212656771055733,A61,A73,2,A93,A101,4,A121,0.894733495760251,A143,A152,1,A172,2,A192,1.3181824698336524,0
A11,-0.17585689962169576,A34,A40,0.09648421249162958,A61,A75,2,A93,A103,4,A122,0.8180002436191302,A141,A151,1,A173,1,A192,-0.0017629034524049925,1
A12,1.2208750601667522,A32,A43,0.11902797630182615,A62,A73,4,A92,A102,4,A124,1.3214092630488086,A143,A153,1,A173,1,A191,-0.30806775880905807,1
A11,-0.6713554478523704,A32,A40,0.07354188346731964,A61,A72,4,A93,A101,1,A121,-0.06547718748089627,A143,A152,1,A172,2,A191,0.6553408074876845,1
A13,0.2925169551992456,A34,A46,-0.06435950283039278,A61,A72,2,A91,A101,1,A123,-0.06547718748089627,A143,A151,1,A173,1,A191,-0.5536382010371309,1
A12,-0.6713554478523704,A32,A40,-1.3883585504104843,A62,A72,4,A92,A101,2,A122,-1.2704492881865297,A141,A152,1,A172,1,A191,-1.2703107634433901,1
A11,-0.287016914759522,A32,A40,-0.45137447745121134,A61,A72,2,A93,A101,3,A121,0.2249449894622613,A143,A152,1,A173,1,A191,-0.63919362698522,0
A11,-0.6713554478523704,A30,A43,1.2116104886247994,A61,A73,4,A93,A101,2,A122,-0.6138796089263456,A143,A151,2,A173,1,A192,2.1544330483564074,1
A11,0.02701053204185312,A32,A42,-0.9961549372381845,A61,A71,4,A92,A101,2,A123,-0.06547718748089627,A143,A152,1,A173,1,A191,-1.1898919089740627,1
A12,0.02701053204185312,A32,A43,-1.0169741649781705,A61,A73,4,A92,A103,4,A121,-0.8612334532896165,A143,A152,1,A172,2,A191,-1.2173155129856796,0
A14,-2.5635859558714937,A34,A40,0.4245370603644887,A61,A74,1,A92,A101,1,A121,0.3163959008835338,A143,A152,1,A173,2,A191,2.392511487971618,0
A11,0.5225090802725286,A34,A41,1.2958987126428836,A61,A71,2,A93,A101,4,A124,2.6747502104665277,A143,A153,2,A174,1,A192,1.080615990459342,0
A11,-1.8652199759772696,A32,A42,-2.2571784280003055,A61,A75,2,A92,A101,1,A122,1.253977687520487,A141,A152,1,A173,1,A192,-1.706322058209141,0
A11,-0.6713554478523704,A32,A43,-1.616911126159021,A61,A73,4,A94,A101,2,A121,0.576611994167249,A143,A152,1,A172,1,A191,-1.571365894375312,0
A11,-0.6713554478523704,A32,A43,-0.4826643585860001,A63,A75,3,A94,A101,1,A121,0.13091765995521398,A143,A152,1,A173,1,A191,-0.2218475650698404,0
A11,1.2208750601667522,A31,A42,0.15496448059350523,A61,A75,4,A93,A101,4,A123,-0.274154475508948,A141,A152,1,A173,1,A191,-0.26073130255021315,1
A11,-1.8652199759772696,A34,A40,0.8567831613008345,A65,A72,1,A93,A101,3,A121,0.894733495760251,A143,A152,2,A172,2,A191,2.301348089942118,0
A14,1.3587392138509804,A32,A41,0.06850029193271238,A63,A73,4,A93,A101,4,A123,-1.1283959579554579,A143,A152,1,A173,1,A191,-0.42938109969620897,0
A14,1.2208750601667522,A32,A40,0.3034991148108554,A65,A73,4,A93,A101,4,A121,0.2249449894622613,A143,A152,1,A173,1,A191,-0.0650777921674238,0
A11,0.2925169551992456,A32,A43,0.08705714884149288,A61,A72,4,A92,A101,4,A122,-0.6138796089263456,A143,A151,1,A174,1,A192,0.08872369124667434,0
A12,-1.1668539960830453,A32,A46,-0.9203876064912676,A61,A74,4,A92,A101,4,A122,2.2982671102970595,A143,A152,2,A174,1,A192,-0.30667297695739976,0
A12,0.2084816334711527,A30,A41,1.2008899440608494,A62,A75,3,A94,A101,4,A123,-0.274154475508948,A141,A152,2,A173,1,A192,1.400387675778646,0
A14,-0.287016914759522,A34,A43,-0.7568810207577629,A61,A73,4,A93,A101,2,A122,-0.274154475508948,A143,A152,2,A173,1,A191,-0.6866823528644224,0
A12,0.02701053204185312,A32,A49,0.09500027404657825,A62,A73,4,A93,A101,4,A123,0.034164524282470375,A143,A152,1,A173,1,A191,0.24740484397003285,0
A14,0.9068476133653771,A34,A43,0.30265590228684913,A65,A75,3,A93,A101,2,A123,0.576611994167249,A143,A152,2,A173,2,A192,-0.18212226761974853,0
A12,2.1007121414902756,A33,A43,1.4445762499031707,A65,A73,1,A93,A101,1,A121,-0.735265693778886,A143,A152,1,A172,1,A191,-0.15655534424380985,0
A14,-1.8652199759772696,A32,A44,-0.778044935819238,A63,A73,1,A91,A101,4,A121,2.0393971551499197,A143,A152,1,A173,1,A191,0.1479119047766746,0
A14,0.5225090802725286,A33,A49,0.2602168771039636,A65,A73,4,A93,A101,4,A121,-0.1681852747143106,A143,A152,2,A173,2,A192,0.19655569137497558,0
A12,-0.8212223151565189,A34,A40,-0.79365660113933,A64,A73,4,A92,A101,4,A123,0.576611994167249,A143,A152,2,A173,1,A191,-0.3850550481307587,0
A11,-0.6713554478523704,A31,A48,-2.55970319876301,A61,A75,4,A94,A101,1,A123,0.9697422583438209,A141,A152,1,A172,1,A191,-2.8132350351180286,0
A11,-1.1668539960830453,A32,A40,-0.6990298531855582,A61,A72,3,A93,A101,2,A124,-0.735265693778886,A143,A153,1,A174,1,A192,-0.13213170911059058,1
A11,0.5225090802725286,A32,A42,0.411029238476204,A61,A75,4,A93,A101,2,A122,0.4921074941281026,A143,A151,1,A174,1,A192,0.39520948055399596,1
A14,-1.8652199759772696,A32,A41,-0.8809471588700748,A63,A73,2,A93,A101,4,A122,1.3214092630488086,A143,A151,1,A173,1,A191,0.10648396055329241,0
A11,0.2925169551992456,A34,A40,-1.8830944601731483,A61,A75,4,A93,A101,4,A121,2.1971154462508093,A143,A152,2,A173,1,A191,-2.5064089545573998,0
A14,0.5225090802725286,A32,A43,-1.157203507725473,A65,A75,4,A93,A101,2,A123,-0.9921423676100591,A143,A152,2,A173,1,A191,-1.670505653888077,0
A12,-0.6713554478523704,A32,A43,-0.7848519414616452,A61,A72,2,A93,A101,1,A123,-1.4188181348986153,A142,A152,1,A173,1,A191,-0.7777965530479097,1
A14,-1.8652199759772696,A34,A40,-2.954904931925029,A64,A73,2,A92,A101,2,A121,0.6590297486152044,A141,A152,2,A172,1,A191,-2.625384743483094,0
A12,0.9068476133653771,A33,A49,0.034725331118115835,A62,A75,4,A93,A101,2,A122,0.6590297486152044,A142,A152,2,A173,1,A191,-0.28444778687985645,0
A13,-0.9853828946537456,A32,A42,-0.840632919650096,A61,A72,4,A92,A101,2,A122,-1.2704492881865297,A143,A152,1,A173,1,A191,-0.3321676470214439,0
A14,-0.6713554478523704,A32,A40,0.20729647965983322,A65,A71,4,A93,A101,4,A124,0.4054078282982945,A143,A152,1,A174,1,A192,0.8315256845891673,0
A12,-1.1668539960830453,A32,A42,-1.2102325007327182,A61,A73,1,A92,A101,2,A123,-0.4967535750214654,A143,A152,1,A173,1,A191,-1.0667589796151768,1
A11,0.02701053204185312,A34,A40,0.6320169919427737,A61,A75,1,A92,A101,4,A121,-0.06547718748089627,A141,A151,3,A173,1,A192,0.31066990768097313,1
A12,-0.287016914759522,A32,A43,-0.6791065807471723,A65,A72,4,A93,A101,1,A122,-1.2704492881865297,A143,A152,1,A173,1,A191,-0.5842359282557292,0
A14,-0.6713554478523704,A34,A46,-1.616911126159021,A61,A73,4,A93,A101,2,A123,-0.1681852747143106,A143,A152,2,A173,1,A191,-1.571365894375312,0
A12,0.02701053204185312,A32,A40,1.2243178613336856,A61,A74,3,A93,A101,3,A121,-0.6138796089263456,A143,A151,1,A172,1,A191,1.5460132853836477,0
A12,0.9068476133653771,A32,A43,-0.4559066265122456,A65,A73,4,A92,A101,1,A123,-0.8612334532896165,A143,A152,1,A173,1,A191,-0.9307203907218112,0
A12,1.6052135932596008,A32,A43,0.2831092376057133,A62,A73,4,A93,A103,4,A122,-1.5740902921674929,A143,A151,1,A173,1,A191,-0.23812471042932085,1
A12,-0.6713554478523704,A32,A43,-1.501838152241437,A63,A73,4,A93,A101,3,A121,2.2480744431779702,A143,A152,1,A172,1,A191,-1.4197889142602416,1
A14,-0.9853828946537456,A34,A40,-0.8862074175067403,A61,A75,3,A93,A101,4,A121,-0.1681852747143106,A143,A152,2,A172,2,A191,-0.5188773030205919,0
A11,-0.8212223151565189,A34,A40,0.6231521861160895,A61,A73,1,A93,A101,2,A121,0.576611994167249,A143,A152,2,A172,2,A191,1.0362810899216381,0
A11,0.5225090802725286,A31,A40,-0.9268978410253675,A61,A71,1,A92,A102,4,A124,-0.4967535750214654,A143,A151,2,A171,1,A191,-2.149746541567694,1
A12,-1.1668539960830453,A34,A46,-0.6288666023176757,A61,A75,2,A92,A101,3,A123,0.034164524282470375,A143,A152,2,A174,1,A192,-0.1653536874187318,1
A12,-1.8652199759772696,A32,A43,-2.0976105200737964,A61,A74,3,A94,A103,3,A121,-0.6138796089263456,A141,A152,1,A172,1,A191,-1.4069305897464544,0
A14,-0.6713554478523704,A32,A46,-1.584009825105413,A61,A75,4,A93,A101,4,A123,0.6590297486152044,A141,A152,1,A172,2,A191,-1.528027483228187,1
A14,-0.6713554478523704,A32,A40,0.47978284069851307,A65,A72,2,A93,A101,3,A122,0.9697422583438209,A143,A152,1,A174,2,A192,0.888011800576494,0
A11,0.5225090802725286,A32,A41,0.2302414024036885,A61,A74,2,A93,A101,1,A124,0.034164524282470375,A143,A153,1,A174,1,A192,-0.3230942937581518,0
A12,-1.1668539960830453,A34,A46,-0.9904306049355089,A64,A75,4,A93,A101,3,A124,-0.1681852747143106,A143,A153,2,A173,2,A191,-0.3989353546551085,1
A13,0.5225090802725286,A34,A42,0.5124814806500451,A65,A75,4,A93,A102,4,A124,-1.7369396364916188,A143,A151,2,A173,1,A191,0.528844894423003,0
A14,0.5225090802725286,A32,A40,-0.6568316770266013,A62,A75,4,A94,A101,4,A121,0.6590297486152044,A143,A151,1,A172,1,A191,-1.0114034472630518,0
A14,-0.6713554478523704,A32,A43,-0.16799810283546524,A62,A74,3,A93,A101,1,A124,0.13091765995521398,A143,A152,1,A173,1,A191,0.19263864456737853,0
A12,0.02701053204185312,A33,A42,0.7360397461188326,A61,A75,4,A91,A101,3,A124,0.576611994167249,A143,A152,1,A174,1,A192,1.091797962556346,1
A12,0.2925169551992456,A33,A40,-0.04547135389616135,A61,A73,1,A91,A101,4,A122,1.1148846674297157,A143,A152,2,A173,1,A191,-0.8023195523527831,0
A11,0.5225090802725286,A33,A40,-0.7829034365478368,A61,A71,4,A93,A101,2,A121,0.8180002436191302,A143,A153,2,A173,2,A191,-1.1774683010288771,1
A12,1.3587392138509804,A33,A46,2.0425510815051795,A62,A74,2,A93,A101,3,A124,-0.1681852747143106,A143,A151,1,A173,1,A192,1.5497137542667427,0
A11,-0.6713554478523704,A32,A43,-0.6314628766657506,A61,A73,4,A92,A101,1,A123,-1.2704492881865297,A141,A152,1,A173,1,A191,-0.27330897768476425,0
A13,-0.6713554478523704,A34,A40,-1.2375823861495292,A63,A74,4,A94,A101,2,A121,-0.6138796089263456,A143,A152,3,A173,1,A192,-1.0717046539986366,1
A14,0.9068476133653771,A31,A41,1.456244606034387,A65,A71,4,A92,A101,1,A121,1.5158962799303233,A141,A152,1,A174,1,A192,1.5880127182383252,1
A14,0.5225090802725286,A32,A43,0.3676369153079062,A63,A75,3,A91,A101,2,A123,-0.8612334532896165,A143,A152,1,A174,1,A192,0.1147740761776052,0
A12,-0.287016914759522,A31,A40,1.3412000740368588,A62,A71,1,A93,A101,2,A122,0.034164524282470375,A143,A152,1,A174,2,A192,1.5124576224248776,1
A14,0.9068476133653771,A34,A43,1.3205769155918141,A65,A74,2,A93,A101,3,A122,0.2249449894622613,A143,A152,2,A173,1,A191,0.864953252592872,0
A14,0.02701053204185312,A34,A40,-1.0864250854648005,A61,A72,4,A92,A101,1,A122,-0.38359868907389816,A143,A152,2,A173,1,A191,-1.3087979908880474,0
A14,-0.6713554478523704,A32,A49,-0.5938951365719192,A61,A74,2,A93,A101,4,A123,0.2249449894622613,A143,A152,1,A173,1,A192,-0.5262635055198466,0
A11,-0.6713554478523704,A32,A42,-0.8335277566509764,A61,A73,2,A92,A101,4,A123,-1.7369396364916188,A143,A151,1,A173,1,A191,-0.8419135461163441,1
A14,-0.9853828946537456,A32,A40,-0.5484150302237255,A63,A73,3,A93,A101,2,A124,0.576611994167249,A143,A151,1,A172,2,A191,-0.07392877838360815,0
A11,0.5225090802725286,A32,A40,0.32191250896081836,A61,A72,4,A92,A101,1,A122,-0.735265693778886,A143,A152,1,A173,1,A191,0.27782271042195844,1
A12,0.2925169551992456,A32,A49,0.16485090047816406,A62,A75,4,A91,A101,2,A123,1.985123610319398,A141,A151,2,A172,1,A191,0.19119555360901863,1
A11,0.02701053204185312,A34,A42,-0.17834327766448124,A61,A73,4,A92,A101,4,A121,-1.1283959579554579,A143,A151,2,A173,1,A191,-0.11265007328589735,1
A12,-1.1668539960830453,A32,A49,-0.7276330906950448,A61,A73,2,A94,A101,1,A121,-0.735265693778886,A141,A152,1,A173,1,A192,-0.29545135966220554,0
A11,0.5225090802725286,A32,A42,0.2788207207193634,A61,A73,2,A91,A101,2,A121,-1.1283959579554579,A143,A151,1,A172,1,A191,-0.2591044087690627,0
A14,-0.287016914759522,A32,A43,-0.9053228797645545,A63,A75,4,A93,A101,3,A122,1.1148846674297157,A142,A152,1,A173,1,A192,-0.8822136574349583,0
A12,0.9068476133653771,A32,A43,0.26586947521014975,A65,A75,2,A92,A101,4,A123,-0.9921423676100591,A143,A152,1,A173,1,A191,-0.5243335910099187,0
A14,1.2208750601667522,A33,A43,0.7852280245509812,A61,A73,4,A93,A101,2,A123,-0.8612334532896165,A143,A152,2,A174,1,A192,0.5694674958063576,1
A12,-0.6713554478523704,A34,A40,-0.03832145135302294,A63,A74,3,A91,A101,3,A123,0.2249449894622613,A143,A152,1,A174,1,A192,0.36345195158437127,0
A14,-1.8652199759772696,A34,A42,-0.8967923377642778,A65,A73,1,A94,A101,2,A122,-0.735265693778886,A143,A152,2,A173,1,A191,-0.008505123223582147,0
A12,0.5225090802725286,A32,A43,-0.2779959996089816,A61,A75,4,A92,A101,4,A123,-1.7369396364916188,A143,A152,1,A173,1,A192,-0.5123916811820285,0
A11,0.5225090802725286,A33,A43,-1.125128122271596,A61,A72,4,A94,A101,4,A121,1.18515567270341,A142,A152,1,A173,1,A191,-1.6282551592879482,1
A13,-1.1668539960830453,A30,A43,-0.7790151818672677,A61,A72,4,A93,A101,2,A123,0.034164524282470375,A143,A152,2,A174,1,A192,-0.12045370698877504,1
A12,0.02701053204185312,A32,A49,0.7782307268312326,A61,A75,1,A93,A102,1,A121,-0.06547718748089627,A141,A152,1,A174,1,A192,0.5032662718073655,0
A11,0.9068476133653771,A34,A41,1.2090959636421101,A62,A74,1,A94,A101,4,A123,-1.1283959579554579,A143,A151,2,A173,1,A191,0.3631756900909447,0
A11,-0.6713554478523704,A32,A43,-1.0239887984297398,A61,A73,2,A93,A101,2,A121,-1.7369396364916188,A143,A151,1,A174,2,A192,-1.092793562157916,0
A11,0.02701053204185312,A32,A43,0.3494586627952945,A61,A73,2,A92,A101,2,A121,-1.1283959579554579,A143,A152,1,A173,1,A191,0.18115647635523263,1
A12,1.2208750601667522,A32,A41,1.7515967000915387,A61,A72,1,A94,A101,4,A123,-0.6138796089263456,A143,A151,1,A174,1,A192,0.8432439331444459,1
A14,-0.9853828946537456,A32,A41,0.2022939347171127,A62,A73,1,A93,A102,2,A121,-0.1681852747143106,A143,A152,1,A173,2,A191,0.6293668164392767,0
A12,0.7253765119360776,A34,A43,0.04350934573947781,A63,A73,4,A93,A101,2,A122,-1.2704492881865297,A143,A152,2,A172,1,A191,-0.1886549107396882,1
A13,1.4863814833241447,A30,A49,1.2303157071904416,A61,A72,2,A91,A101,1,A122,-0.06547718748089627,A143,A152,2,A173,1,A191,0.40980866676954264,0
A12,0.7253765119360776,A32,A49,0.04762251567673891,A61,A72,4,A92,A101,1,A122,-0.1681852747143106,A143,A152,1,A173,2,A192,-0.18323694111081035,0
A13,-1.8652199759772696,A34,A46,-1.0963029944622085,A61,A73,2,A92,A101,4,A122,1.3214092630488086,A143,A152,1,A172,1,A191,-0.17718809638504787,0
A14,-1.1668539960830453,A32,A46,0.5874133861738574,A65,A75,1,A93,A101,4,A121,2.1453663559445557,A143,A152,1,A172,1,A191,1.3011448432991957,0
A14,-0.9853828946537456,A32,A40,-0.8284763527297319,A65,A75,4,A93,A102,2,A122,0.9697422583438209,A143,A152,1,A172,1,A191,-0.31615471505641746,0
A12,2.1007121414902756,A32,A40,1.4428256708857952,A62,A72,4,A92,A101,2,A122,-1.1283959579554579,A143,A152,1,A174,1,A191,1.129612137960182,1
A12,0.02701053204185312,A34,A49,-0.3318783228881587,A65,A73,4,A94,A101,4,A121,-0.6138796089263456,A141,A152,2,A173,1,A191,-0.31489024927633613,0
A12,0.02701053204185312,A34,A42,1.4368559760153892,A61,A71,4,A93,A101,4,A122,0.576611994167249,A142,A152,2,A174,1,A192,2.0149305116414915,0
A12,-0.6713554478523704,A34,A40,-1.2115863913393945,A61,A74,2,A93,A101,3,A121,1.1148846674297157,A143,A152,2,A172,2,A191,-1.3399017722096276,0
A12,1.7163736083974277,A34,A42,0.9573486514328972,A61,A73,2,A92,A101,3,A123,-0.38359868907389816,A143,A152,1,A174,1,A192,-0.07000861657885597,1
A14,0.02701053204185312,A34,A41,0.5934948012394891,A61,A74,3,A93,A101,1,A123,-0.735265693778886,A143,A152,2,A173,1,A191,0.7150774784711803,0
A14,-0.6713554478523704,A32,A42,-0.5672404582229582,A61,A73,4,A93,A101,2,A121,1.3214092630488086,A143,A152,1,A173,1,A191,-0.1887136125713469,0
A12,-0.6713554478523704,A32,A43,-0.6436479805470225,A65,A73,2,A94,A101,1,A121,-0.9921423676100591,A143,A152,1,A173,1,A192,-0.5917991876625845,1
A14,0.02701053204185312,A34,A42,0.5696830500649546,A61,A72,3,A91,A101,2,A123,0.13091765995521398,A143,A152,2,A174,1,A192,0.6837120482453809,0
A11,-0.6713554478523704,A32,A42,-1.7109470750910638,A61,A75,4,A92,A101,4,A122,-1.1283959579554579,A143,A151,1,A173,1,A191,-1.6952323825359676,0
A14,0.5225090802725286,A34,A40,-0.2959323019217882,A64,A75,4,A93,A101,4,A121,1.929952941584968,A143,A152,1,A173,1,A192,-0.5360178241976205,0
A14,-0.6713554478523704,A32,A43,-1.4390070872379623,A61,A75,4,A93,A101,4,A123,0.4054078282982945,A143,A152,1,A173,1,A191,-1.337026274463854,0
A11,1.7163736083974277,A34,A41,1.2389533887175794,A61,A75,4,A93,A101,4,A124,1.043102342472338,A143,A153,2,A173,1,A192,0.9823491289719103,1
A12,0.5225090802725286,A34,A42,0.8622749343245968,A61,A72,2,A92,A101,4,A123,-0.9921423676100591,A141,A152,1,A172,1,A191,0.509435976717397,1
A12,0.6603732339567567,A32,A41,1.5370675165336745,A61,A72,2,A93,A101,3,A123,-0.38359868907389816,A143,A152,2,A173,1,A191,1.3070529362869667,0
A14,0.9068476133653771,A34,A43,0.1945245970219101,A61,A73,4,A92,A101,2,A123,-0.06547718748089627,A143,A152,1,A173,1,A192,-0.07395622378138253,0
A13,0.5225090802725286,A32,A43,0.9715313502934441,A61,A74,4,A93,A101,2,A123,-0.9921423676100591,A141,A152,1,A173,1,A191,1.133516787343722,0
A13,-2.5635859558714937,A32,A40,-0.6349326756013594,A65,A72,1,A93,A101,2,A121,-0.4967535750214654,A143,A152,1,A172,2,A191,0.9969516303109573,0
A14,0.02701053204185312,A32,A43,-0.22372869080626506,A61,A72,4,A93,A101,1,A121,-0.06547718748089627,A143,A152,1,A173,1,A191,-0.17243286703061475,0
A14,-0.6713554478523704,A32,A42,-0.41640985774794276,A61,A73,3,A93,A101,2,A121,-1.1283959579554579,A143,A151,1,A172,1,A191,-0.13457549054036283,0
A12,-0.6713554478523704,A34,A41,-0.3505805461189526,A61,A71,4,A93,A101,2,A123,0.034164524282470375,A143,A152,2,A174,1,A192,0.0966762063468821,0
A12,-1.3697214277465948,A32,A49,-1.2825777156940104,A61,A72,3,A94,A101,2,A121,-0.8612334532896165,A143,A152,1,A173,1,A192,-0.7403242327694132,0
A14,-0.6713554478523704,A32,A43,-0.08693865493291834,A65,A73,4,A93,A101,4,A124,0.3163959008835338,A143,A153,1,A173,1,A192,0.44395185533137366,0
A12,1.2208750601667522,A34,A43,-0.05432565880523129,A61,A75,4,A93,A101,4,A121,0.2249449894622613,A143,A152,1,A173,1,A191,-0.5364134737665655,0
A12,-0.9853828946537456,A31,A43,-1.0950641361067472,A61,A73,4,A93,A101,4,A121,-1.2704492881865297,A142,A152,1,A172,1,A191,-0.6673107664225616,0
A11,0.9068476133653771,A30,A49,1.5542216043327697,A65,A72,2,A93,A101,3,A123,-0.9921423676100591,A141,A152,3,A173,1,A191,1.172715841266767,0
A12,-0.8212223151565189,A33,A43,0.8718299666600452,A61,A74,2,A93,A101,4,A122,1.3875054717001896,A143,A152,1,A173,1,A191,1.5253652633950565,0
A14,-2.5635859558714937,A34,A43,-0.5922130831558772,A61,A74,2,A93,A101,1,A121,0.739461338491375,A143,A152,3,A172,2,A191,1.1177350472722365,0
A14,-0.9853828946537456,A32,A40,-0.753069846127719,A61,A73,2,A92,A101,4,A123,2.1453663559445557,A143,A152,1,A173,1,A192,-0.4803276284112211,0
A11,0.5225090802725286,A32,A49,1.286645530852531,A61,A73,2,A94,A101,2,A123,-1.5740902921674929,A142,A152,1,A172,1,A191,1.0684274695192115,0
A14,-1.8652199759772696,A32,A42,-0.4178786796690876,A61,A73,1,A94,A101,2,A122,-1.5740902921674929,A143,A151,1,A173,1,A191,0.6223318453414305,0
A14,1.7163736083974277,A34,A49,1.480973338971826,A65,A75,4,A91,A101,2,A123,1.043102342472338,A141,A152,2,A174,2,A191,1.3011438201859522,0
A14,0.5225090802725286,A32,A41,1.235258562982357,A65,A75,3,A93,A101,4,A123,0.6590297486152044,A143,A152,1,A174,2,A192,1.257626865670496,0
A14,1.2208750601667522,A34,A41,1.105206740393465,A64,A75,4,A93,A101,2,A123,0.4054078282982945,A143,A152,2,A174,1,A192,0.9909514098593483,0
A11,-1.8652199759772696,A34,A40,-0.7559271772537463,A61,A72,2,A93,A101,4,A121,0.576611994167249,A143,A152,1,A172,2,A191,0.2711633863324219,0
A12,-1.3697214277465948,A32,A43,-1.5120429547271947,A61,A74,4,A92,A103,2,A121,0.894733495760251,A143,A152,1,A172,1,A191,-0.935711249703352,0
A11,0.5225090802725286,A32,A43,0.5278179991921504,A61,A73,2,A92,A101,4,A123,-0.6138796089263456,A143,A152,1,A173,1,A191,0.06888099251905482,0
A14,0.5225090802725286,A34,A43,0.21318382263989294,A62,A75,3,A93,A101,4,A121,0.2249449894622613,A143,A152,1,A173,2,A192,-0.08867537471446633,0
A11,0.7253765119360776,A34,A49,0.0027075509923481208,A61,A75,4,A93,A101,4,A123,0.8180002436191302,A142,A152,4,A174,2,A192,-0.24240004845963692,0
A11,0.5225090802725286,A32,A42,0.36723570830863944,A61,A72,4,A92,A101,4,A121,-1.2704492881865297,A143,A151,1,A172,1,A192,0.33752355461163125,1
A13,-0.6713554478523704,A32,A43,0.27667113594958936,A61,A73,3,A94,A101,1,A123,-1.1283959579554579,A143,A152,1,A173,1,A191,0.7783680132493616,0
A12,0.5225090802725286,A32,A43,0.5621082106660575,A63,A71,1,A92,A101,4,A124,-1.2704492881865297,A143,A151,1,A171,1,A191,-0.18839077744105365,0
A12,-1.8652199759772696,A32,A43,-1.0705321384706612,A61,A75,4,A93,A101,4,A123,-0.6138796089263456,A143,A152,1,A173,2,A191,0.03074199464706493,0
A11,0.2925169551992456,A33,A46,0.4375256695245985,A61,A72,2,A93,A101,1,A122,-0.8612334532896165,A143,A152,2,A173,1,A191,0.10745741681476391,1
A14,-0.287016914759522,A32,A43,0.4947811373685371,A61,A75,4,A92,A101,2,A123,1.5782859368799818,A141,A151,1,A174,1,A192,0.9620381380909512,0
A14,-0.6713554478523704,A32,A40,-1.0310415550763647,A61,A73,3,A94,A101,2,A121,-0.735265693778886,A143,A152,2,A173,1,A192,-0.9441836321598347,0
A12,1.2208750601667522,A33,A40,-0.11805738296188349,A61,A75,4,A93,A101,4,A124,1.7587487757160152,A141,A153,2,A173,1,A192,-0.6203624841754792,1
A14,0.5225090802725286,A31,A49,-0.5796667009085006,A61,A74,4,A93,A101,4,A123,1.3214092630488086,A141,A152,1,A173,1,A192,-0.9097598236350574,0
A12,1.2208750601667522,A30,A43,0.5778963941202291,A61,A73,4,A92,A101,1,A123,0.739461338491375,A143,A152,1,A173,1,A192,0.29636512125979475,1
A14,-0.287016914759522,A32,A44,-1.3306733190355255,A65,A72,4,A92,A101,1,A121,-1.1283959579554579,A143,A152,1,A173,1,A191,-1.4424958234410943,0
A11,-0.6713554478523704,A34,A40,-0.18017748861124225,A61,A73,4,A93,A101,2,A122,-0.38359868907389816,A143,A152,2,A173,1,A191,0.3211353471864345,0
A11,0.5225090802725286,A32,A43,-0.26486787521602817,A61,A73,2,A93,A101,4,A121,-1.5740902921674929,A143,A151,1,A172,2,A191,-0.975264534724543,1
A12,0.5225090802725286,A33,A42,-0.21552931851071075,A61,A71,3,A92,A101,2,A122,0.034164524282470375,A143,A152,1,A174,1,A192,-0.6533869751793604,1
A12,0.9068476133653771,A30,A49,0.7128821684220695,A61,A73,2,A92,A101,1,A123,-0.6138796089263456,A143,A152,2,A173,1,A191,0.06448263406387097,0
A13,0.5225090802725286,A34,A43,0.3322594305336677,A65,A73,3,A93,A101,2,A123,-0.274154475508948,A143,A152,2,A173,1,A192,0.06817397431540347,0
A12,-1.1668539960830453,A31,A40,-0.6854126870139166,A62,A74,2,A93,A101,3,A124,-0.4967535750214654,A143,A152,1,A173,1,A191,-0.2398375950104983,1
A12,0.5225090802725286,A32,A40,-0.9182247659426276,A61,A72,4,A93,A101,1,A122,-0.8612334532896165,A143,A152,1,A173,1,A191,-1.3557169180282884,0
A11,0.7880155034299203,A32,A40,0.6450397206859015,A61,A73,3,A93,A101,2,A123,0.9697422583438209,A143,A152,1,A172,1,A191,0.33195767234728113,1
A14,1.7163736083974277,A34,A41,2.0236548431421366,A62,A73,2,A92,A101,4,A123,-1.1283959579554579,A141,A151,2,A172,1,A191,1.334556390431778,1
A14,1.7163736083974277,A33,A43,1.412698729308183,A65,A75,3,A93,A101,3,A123,-0.1681852747143106,A141,A152,2,A173,2,A191,0.9042329719415791,0
A14,1.2208750601667522,A32,A43,0.5884289365286386,A65,A75,2,A92,A101,4,A121,0.9697422583438209,A143,A152,1,A172,1,A192,-0.287482263704828,0
A11,-1.8652199759772696,A34,A40,-1.3516286260539998,A61,A75,1,A92,A101,4,A124,0.4921074941281026,A143,A152,2,A173,1,A192,-0.6076267821031037,0
A14,-0.9853828946537456,A32,A40,-0.7026853599091917,A62,A73,3,A93,A101,2,A121,0.13091765995521398,A143,A151,1,A172,1,A191,-0.27713748933451,0
A13,0.9068476133653771,A34,A43,0.5263989678547017,A65,A75,4,A93,A101,4,A122,1.253977687520487,A142,A152,2,A172,1,A191,0.36319694256027507,0
A11,-0.6713554478523704,A31,A43,-1.763756090475007,A61,A73,4,A92,A101,4,A121,-1.1283959579554579,A141,A152,1,A172,1,A191,-1.7647937295858935,1
A12,0.5225090802725286,A33,A43,1.2536283825572947,A61,A72,1,A93,A101,2,A123,-0.06547718748089627,A143,A152,1,A173,1,A191,0.722496773088394,0
A11,0.02701053204185312,A32,A40,0.7608669259451738,A62,A73,3,A93,A101,4,A123,0.13091765995521398,A143,A152,1,A172,2,A192,0.9355441993234662,0
A14,0.2925169551992456,A32,A41,0.020650877520314807,A65,A75,4,A93,A101,4,A121,1.043102342472338,A143,A152,1,A174,1,A192,0.0012517008662455609,0
A12,-0.5334912941681423,A34,A43,-1.3188490547346596,A61,A72,4,A93,A103,4,A121,-1.2704492881865297,A143,A152,2,A173,1,A191,-1.2699877230971859,0
A11,1.2208750601667522,A32,A42,0.9783144474866607,A61,A74,4,A93,A101,2,A122,-0.4967535750214654,A143,A152,1,A173,1,A191,0.8238057291327389,1
A11,0.5225090802725286,A32,A43,-0.3766553028248782,A61,A71,4,A93,A101,2,A123,-0.38359868907389816,A142,A152,1,A174,2,A191,-0.6423481664679044,1
A11,1.7163736083974277,A32,A49,0.7393575269653708,A61,A72,3,A92,A101,4,A122,-1.1283959579554579,A143,A151,1,A173,1,A191,0.0172912117392986,1
A12,0.02701053204185312,A32,A43,-1.3426063137288418,A61,A73,4,A94,A103,2,A121,-0.9921423676100591,A143,A152,1,A172,1,A191,-1.6462462693191187,0
A14,-0.9853828946537456,A32,A41,0.2262216654917349,A65,A72,1,A92,A101,4,A121,-0.274154475508948,A143,A151,1,A173,1,A191,0.6608850178757081,0
A12,0.9068476133653771,A34,A40,0.7214620610238325,A61,A71,4,A94,A101,2,A123,-0.6138796089263456,A143,A152,2,A174,1,A191,0.6201388950265199,1
A12,1.2208750601667522,A31,A44,0.6398463009328382,A65,A72,3,A92,A101,2,A124,-0.4967535750214654,A141,A152,1,A171,1,A191,0.10510041698374543,0
A14,1.3587392138509804,A32,A41,1.6346333114568539,A62,A75,4,A93,A101,2,A123,0.9697422583438209,A143,A152,1,A174,1,A192,1.633568222600642,0
A12,-1.8652199759772696,A31,A40,-1.2486858038667772,A62,A72,1,A92,A101,1,A122,-0.1681852747143106,A142,A152,1,A172,1,A191,-0.4720279392085314,1
A12,-0.6713554478523704,A30,A48,-0.7100274107742292,A61,A73,2,A93,A101,2,A121,-0.274154475508948,A143,A152,1,A172,1,A192,-0.679235822287193,0
A11,0.02701053204185312,A33,A46,1.6168322970789306,A65,A73,1,A92,A101,2,A123,-1.2704492881865297,A143,A151,2,A173,1,A192,1.6078930943394698,0
A12,0.5225090802725286,A33,A42,-0.05654870693566591,A65,A72,4,A93,A101,2,A122,-0.4967535750214654,A141,A152,1,A172,1,A191,-0.22069580564031174,0
A11,1.7163736083974277,A32,A41,0.8764457197195012,A61,A74,4,A93,A101,3,A122,-0.8612334532896165,A143,A152,1,A173,2,A191,0.504845021233842,0
A12,1.7163736083974277,A31,A40,2.0869167167686955,A65,A71,4,A93,A102,4,A124,0.2249449894622613,A143,A153,1,A174,1,A192,2.099307491466015,0
A11,0.2925169551992456,A31,A40,-0.5084086552089603,A65,A73,4,A93,A101,2,A122,0.576611994167249,A143,A152,2,A172,2,A191,-0.695638659589962,1
A14,0.2925169551992456,A34,A41,0.38358432372750845,A61,A75,1,A93,A101,4,A123,0.2249449894622613,A143,A152,1,A174,1,A192,-0.23715675433559807,0
A14,0.5225090802725286,A32,A43,-0.021428991581399773,A63,A75,3,A93,A101,2,A123,0.13091765995521398,A141,A152,2,A173,1,A192,-0.39771320232315427,1
A11,0.5225090802725286,A32,A41,0.18578581633018332,A65,A75,2,A92,A101,4,A121,-0.8612334532896165,A143,A151,1,A173,1,A191,-0.38165229618792923,0
A11,1.2208750601667522,A32,A40,1.7339405906044487,A61,A74,2,A93,A101,1,A123,-1.1283959579554579,A143,A152,1,A173,1,A192,1.2214141461140904,1
A14,-0.287016914759522,A32,A41,0.5806226640909824,A62,A72,1,A92,A101,4,A123,-1.2704492881865297,A143,A152,1,A173,1,A192,0.510606162273119,0
A12,-0.287016914759522,A34,A43,0.14643004262890688,A65,A74,4,A93,A103,2,A121,0.13091765995521398,A141,A152,3,A173,1,A192,0.5031814216717815,0
A14,1.2208750601667522,A30,A45,0.09053825006729857,A61,A73,4,A93,A101,2,A123,-0.735265693778886,A143,A152,2,A173,1,A191,-0.3455951340034073,0
A12,0.02701053204185312,A32,A42,0.27020093460127126,A61,A74,2,A92,A101,4,A121,0.576611994167249,A143,A151,1,A173,1,A191,0.0767562277005379,0
A14,-0.9853828946537456,A32,A40,-0.8064808426197481,A65,A73,4,A93,A103,4,A122,-0.735265693778886,A143,A152,1,A172,1,A191,-0.2871816826835021,1
A14,1.2208750601667522,A32,A49,1.443000835093226,A65,A75,3,A93,A101,2,A122,0.3163959008835338,A143,A152,2,A173,1,A191,1.1630355229361415,0
A12,-0.6713554478523704,A32,A48,-1.5223286415636623,A65,A75,4,A93,A101,4,A122,0.4054078282982945,A143,A152,2,A173,1,A191,-1.4467794958608147,0
A12,-1.8652199759772696,A32,A40,2.319261335251857,A65,A71,1,A93,A101,2,A122,-1.2704492881865297,A143,A152,1,A171,1,A192,4.227760674451001,1
A13,-0.9853828946537456,A34,A40,-1.4766718038366096,A61,A75,4,A93,A101,4,A124,2.092802285909094,A143,A153,2,A173,1,A192,-1.169973867010147,0
A14,0.02701053204185312,A34,A40,-1.1200688408973971,A61,A73,4,A92,A101,3,A121,0.2249449894622613,A143,A152,2,A173,1,A191,-1.3531143813886974,0
A14,0.2925169551992456,A32,A41,0.9954896436203301,A65,A73,1,A93,A101,3,A123,-0.8612334532896165,A143,A152,1,A173,1,A191,0.5688601351916308,0
A13,1.2208750601667522,A32,A43,1.1359695706520827,A61,A73,4,A93,A101,1,A123,-1.1283959579554579,A143,A152,1,A173,1,A191,1.0314729741471833,0
A14,1.2208750601667522,A34,A41,1.9622081629540327,A65,A73,4,A93,A101,2,A123,-0.38359868907389816,A143,A152,1,A174,1,A192,2.1198149749835586,0
A14,1.2208750601667522,A33,A41,1.6877774066377889,A65,A74,3,A93,A101,2,A123,-0.274154475508948,A142,A152,1,A174,2,A192,1.485461304199236,0
A12,0.2925169551992456,A34,A42,0.1544918147610025,A64,A74,3,A93,A101,2,A123,-0.1681852747143106,A143,A152,2,A173,1,A192,-0.029600402725616412,0
A11,-0.287016914759522,A32,A40,0.6297245173525131,A61,A73,3,A92,A101,2,A122,-0.4967535750214654,A143,A152,1,A173,1,A192,0.9715186016459101,1
A11,-1.8652199759772696,A32,A42,-0.7435905926654044,A61,A73,1,A93,A101,2,A121,0.2249449894622613,A141,A152,1,A172,1,A192,0.19329602156196402,0
A14,0.02701053204185312,A30,A49,0.6955503043980965,A61,A73,2,A93,A101,2,A123,0.2249449894622613,A142,A152,2,A173,2,A191,0.6370369849687589,1
A14,0.5225090802725286,A33,A49,1.6436681868618386,A61,A72,2,A93,A101,2,A123,-0.735265693778886,A141,A152,2,A173,1,A192,1.5387065818789087,1
A11,-0.6713554478523704,A30,A40,-1.0536315680615318,A61,A73,4,A93,A101,4,A123,1.18515567270341,A141,A152,2,A173,1,A191,-0.8294000663424163,1
A13,0.5225090802725286,A32,A42,-0.30600508751713795,A61,A73,2,A93,A101,2,A121,-0.8612334532896165,A143,A152,1,A173,1,A191,-1.0294514927797016,0
A13,-0.6713554478523704,A34,A40,-0.6471505576498402,A63,A71,2,A93,A101,4,A124,2.2480744431779702,A141,A153,3,A171,1,A191,-0.5964128692403764,0
A11,-0.6713554478523704,A32,A42,-0.35197667753795,A61,A72,4,A92,A101,1,A123,-1.4188181348986153,A143,A151,1,A173,1,A191,0.09483718735631572,0
A11,-1.1668539960830453,A34,A45,-0.8274684272198077,A62,A75,3,A93,A103,4,A121,1.18515567270341,A143,A152,2,A173,2,A191,-0.30131418975405216,0
A11,0.9068476133653771,A32,A42,0.3156645237147509,A61,A72,2,A91,A101,4,A122,-0.274154475508948,A143,A152,1,A172,1,A191,-0.45874231601239773,1
A11,0.2925169551992456,A32,A40,0.5638336517243862,A65,A74,2,A93,A102,2,A121,-1.1283959579554579,A143,A152,1,A172,1,A191,0.27383342896148993,0
A12,0.02701053204185312,A32,A45,0.6008891461960814,A61,A71,2,A92,A101,4,A123,2.2982671102970595,A143,A152,1,A173,1,A192,0.5123469556250081,0
A11,0.5225090802725286,A32,A40,-0.7464271053330732,A65,A73,4,A92,A101,4,A121,-0.9921423676100591,A143,A151,1,A173,1,A191,-1.1294207713354938,1
A14,-0.6713554478523704,A32,A40,-0.1728561488600803,A65,A75,4,A92,A101,4,A124,1.4523181773692513,A143,A153,1,A174,1,A192,0.3307791977978923,0
A12,1.7163736083974277,A33,A46,1.2168334854073048,A61,A75,4,A93,A101,4,A124,1.3214092630488086,A143,A153,1,A173,1,A191,0.9532122427851465,1
A14,0.02701053204185312,A32,A43,0.8227704964964099,A61,A72,3,A93,A101,2,A123,-0.1681852747143106,A143,A152,1,A173,1,A192,1.017085120384713,0
A12,0.9068476133653771,A34,A40,0.9920231549337816,A61,A71,4,A94,A101,2,A123,-0.6138796089263456,A143,A152,2,A174,1,A191,0.976528689739496,1
A11,-0.6713554478523704,A32,A43,-1.5696505745457308,A62,A72,4,A94,A101,3,A124,-0.06547718748089627,A143,A152,1,A172,1,A192,-1.5091131216500178,1
A11,-0.6713554478523704,A32,A42,0.5027581081787078,A61,A73,2,A93,A102,2,A122,-0.4967535750214654,A143,A152,1,A172,2,A191,0.9182753936985265,0
A12,-0.6713554478523704,A32,A40,-0.25510821004613266,A61,A74,3,A93,A101,4,A122,-0.38359868907389816,A143,A151,1,A173,2,A192,0.0778950471876015,0
A14,0.5225090802725286,A34,A40,-0.24220846139269053,A61,A73,4,A92,A101,4,A123,0.3163959008835338,A143,A152,1,A173,1,A192,-0.46525144673859653,0
A14,-1.8652199759772696,A32,A48,-0.8788490112363111,A65,A71,4,A93,A101,4,A122,0.2249449894622613,A143,A152,1,A174,2,A192,0.28323177201220423,0
A14,0.02701053204185312,A32,A41,0.4237689608873199,A65,A73,2,A93,A101,1,A122,-0.274154475508948,A143,A152,1,A173,1,A192,0.2790398471657144,0
A11,0.5225090802725286,A34,A49,-0.7360567309897774,A62,A74,4,A93,A101,1,A121,-0.8612334532896165,A143,A152,2,A173,1,A192,-1.1157606566091185,0
A14,-0.6713554478523704,A34,A49,-0.9356292719722212,A61,A73,3,A92,A101,2,A121,-0.735265693778886,A143,A152,2,A173,1,A191,-0.8185042024340674,0
A12,-1.5997135528198776,A32,A43,-0.011720437355516096,A61,A73,3,A93,A103,2,A121,0.034164524282470375,A143,A152,1,A173,1,A191,1.120070669637717,0
A12,0.7253765119360776,A30,A49,1.5931794037454907,A61,A75,2,A92,A101,4,A124,0.739461338491375,A143,A153,2,A174,1,A192,1.3387977974505303,1
A14,-1.8652199759772696,A33,A49,-0.43489071734890816,A62,A73,1,A93,A101,2,A121,0.034164524282470375,A143,A152,2,A172,1,A191,0.5999231666628226,0
A14,0.5225090802725286,A32,A40,-0.7257685730915514,A61,A73,2,A93,A103,2,A121,-0.274154475508948,A143,A152,1,A173,1,A192,-1.582374384574561,0
A14,-0.8212223151565189,A34,A40,1.4109045854736781,A61,A73,1,A93,A101,4,A122,0.4921074941281026,A143,A152,2,A172,1,A191,2.0739281212614364,0
A12,1.2208750601667522,A32,A43,0.8783415623193485,A61,A72,4,A92,A101,1,A124,-0.38359868907389816,A143,A152,1,A174,1,A192,0.692118961065851,0
A13,0.9068476133653771,A33,A49,-0.317516234473997,A61,A75,4,A93,A101,4,A121,2.2480744431779702,A143,A152,1,A174,1,A192,-0.7484291281607003,1
A11,-0.6713554478523704,A32,A46,-1.6487697203716807,A61,A73,4,A93,A101,4,A123,0.576611994167249,A143,A151,1,A172,2,A191,-1.6133308261665487,1
A14,0.5225090802725286,A34,A410,1.2354641072971586,A61,A71,4,A93,A102,2,A124,-0.735265693778886,A141,A152,2,A174,1,A192,1.4811755720095299,0
A14,-0.287016914759522,A32,A40,0.490409306073276,A65,A73,3,A93,A101,2,A124,-0.4967535750214654,A143,A152,1,A173,1,A191,0.7880091442043771,0
A12,1.7163736083974277,A30,A49,0.5914708278183582,A62,A74,4,A93,A101,4,A124,0.034164524282470375,A143,A153,1,A172,2,A191,0.12946901371073563,1
A14,1.7163736083974277,A34,A46,1.1928441109621786,A61,A73,1,A93,A101,3,A124,-0.274154475508948,A141,A153,1,A173,1,A192,-0.23997369178985314,0
A13,-0.6713554478523704,A32,A43,-0.8184321537570407,A61,A73,3,A94,A101,4,A121,-1.2704492881865297,A143,A151,1,A173,1,A191,-0.6641292466780044,0
A14,0.5225090802725286,A33,A40,0.052745712337910616,A61,A75,4,A93,A101,4,A123,1.1148846674297157,A143,A152,2,A172,2,A191,-0.07673048126463244,1
A12,-0.287016914759522,A32,A40,0.09944700836488891,A62,A73,2,A92,A101,4,A123,-0.6138796089263456,A143,A151,2,A173,1,A192,0.08636211873051196,1
A14,1.2208750601667522,A34,A43,0.409864856138067,A65,A75,4,A93,A101,2,A123,1.3875054717001896,A143,A152,1,A173,1,A192,0.07502980485728009,0
A11,0.5225090802725286,A32,A40,0.8842819573436802,A61,A74,2,A93,A102,3,A122,-0.274154475508948,A143,A152,1,A173,1,A192,0.5384241741802049,1
A14,-0.6713554478523704,A34,A43,-1.7804470476267007,A61,A75,4,A93,A101,4,A121,1.6996720217325236,A143,A152,1,A173,1,A191,-1.7867794730159339,0
A11,0.02701053204185312,A32,A42,0.013292471249885623,A61,A73,2,A93,A101,2,A123,-1.4188181348986153,A143,A152,1,A173,1,A191,-0.2616499828550014,1
A14,-0.6713554478523704,A34,A43,-0.8767542504444293,A65,A75,4,A92,A101,2,A121,0.4054078282982945,A143,A152,2,A173,1,A192,-0.5964128692403764,0
A12,-0.6713554478523704,A34,A40,0.32232797367664107,A61,A72,1,A93,A101,3,A121,1.253977687520487,A141,A152,2,A172,2,A191,0.5066242586601144,0
A11,0.02701053204185312,A32,A43,0.473143067112006,A61,A74,4,A92,A103,1,A121,-0.9921423676100591,A143,A152,1,A173,1,A191,0.7455039255683429,0
A14,-0.6713554478523704,A34,A40,-0.861150406788471,A61,A75,4,A93,A101,4,A121,1.985123610319398,A143,A152,2,A172,1,A191,-0.5758590987151445,0
A11,0.2925169551992456,A34,A40,-0.5443584341451844,A61,A75,4,A94,A101,3,A123,-0.38359868907389816,A143,A152,2,A173,1,A192,-0.742992601540395,0
A11,0.5225090802725286,A32,A43,-0.5435486344129532,A61,A75,4,A92,A101,4,A123,1.639530764641812,A143,A152,1,A173,1,A191,-0.8621842091305475,0
A14,0.5225090802725286,A32,A40,-0.6082813083511374,A64,A74,4,A92,A101,3,A123,0.034164524282470375,A143,A152,1,A173,2,A192,-0.9474516954592743,0
A14,1.2208750601667522,A34,A40,1.5188578571234348,A61,A73,4,A92,A101,2,A121,-0.9921423676100591,A142,A152,2,A173,1,A192,1.53582293755673,1
A11,-0.6713554478523704,A34,A40,-0.17956579685879498,A61,A73,3,A93,A101,2,A121,0.4921074941281026,A143,A151,2,A172,2,A191,0.17740139061227309,0
A12,-0.287016914759522,A32,A45,0.09944700836488891,A62,A73,3,A92,A101,2,A121,-0.9921423676100591,A143,A152,1,A172,1,A191,0.27302389260282567,0
A14,0.7253765119360776,A34,A42,0.8034184111258589,A64,A72,4,A93,A101,2,A121,-0.1681852747143106,A142,A152,2,A172,2,A192,0.8123161893539615,0
A11,-0.6713554478523704,A32,A42,-0.5005532799586149,A61,A73,2,A93,A101,2,A121,-0.735265693778886,A143,A152,1,A173,1,A191,-0.40331129300544993,0
A14,0.7253765119360776,A33,A41,1.6384054902329133,A64,A73,2,A93,A101,2,A123,-0.735265693778886,A143,A152,2,A173,1,A191,1.3983707221678132,0
A11,1.7163736083974277,A32,A43,1.3691248861464367,A61,A74,1,A94,A103,1,A121,0.034164524282470375,A143,A152,2,A173,1,A192,-0.007772275200843081,1
A14,0.5225090802725286,A34,A43,-0.11922438306641993,A62,A75,4,A93,A101,4,A122,1.4523181773692513,A141,A152,2,A173,1,A191,-0.3032537633530733,0
A11,1.4863814833241447,A32,A43,0.6316897434153075,A61,A72,4,A93,A101,3,A123,0.034164524282470375,A143,A152,1,A173,1,A191,0.2640935968791671,1
A14,-0.287016914759522,A31,A43,-0.5713693323035107,A62,A75,4,A93,A101,4,A123,0.034164524282470375,A141,A152,1,A172,2,A191,-0.44232174798353846,0
A11,0.02701053204185312,A31,A40,-0.6809052006176224,A61,A74,4,A93,A101,4,A124,-0.1681852747143106,A143,A153,2,A172,2,A191,-0.774637123838856,1
A14,0.5225090802725286,A32,A40,-0.8673694475828908,A61,A72,4,A94,A101,2,A121,-0.6138796089263456,A143,A152,1,A173,1,A191,-1.2887290292362583,0
A11,0.02701053204185312,A30,A49,0.3139933012960228,A61,A74,3,A93,A101,1,A122,-0.274154475508948,A141,A152,1,A173,1,A192,0.3469111588155724,0
A11,0.02701053204185312,A32,A42,0.11318464622417578,A64,A73,4,A93,A101,2,A123,-0.6138796089263456,A143,A152,1,A173,1,A191,0.271357750774569,0
A12,-0.6713554478523704,A32,A45,-1.737082973797806,A61,A73,4,A93,A101,2,A123,-0.38359868907389816,A143,A152,1,A173,1,A191,-1.729659237632269,1
A12,0.9068476133653771,A32,A42,0.5874133861738574,A61,A72,2,A94,A101,1,A122,-1.4188181348986153,A143,A152,1,A173,1,A191,-0.10078796305757023,0
A12,-0.6713554478523704,A32,A42,0.16250381351389756,A65,A75,1,A92,A101,2,A122,-0.9921423676100591,A141,A152,1,A173,1,A192,0.29609990422528004,1
A12,0.5225090802725286,A31,A46,-0.36672746402022144,A61,A74,4,A92,A101,4,A124,0.034164524282470375,A141,A153,1,A172,1,A191,-0.6292709705473677,1
A14,1.2208750601667522,A32,A41,0.8485016780021201,A61,A73,2,A93,A101,2,A124,-0.1681852747143106,A143,A153,1,A174,1,A192,0.055092012606399794,0
A12,2.1007121414902756,A32,A46,1.2301093457319814,A61,A73,4,A93,A101,4,A124,0.739461338491375,A143,A153,1,A173,1,A191,0.8494169097471482,1
A14,-0.6713554478523704,A34,A42,-0.7174112374023952,A63,A74,3,A92,A101,4,A123,0.3163959008835338,A143,A151,1,A173,1,A192,-0.5310619858938955,0
A14,0.02701053204185312,A34,A40,-0.604033500863433,A61,A73,3,A93,A101,2,A122,-0.1681852747143106,A141,A152,2,A173,1,A191,-0.862336552429686,1
A14,0.5225090802725286,A32,A43,-0.7417030228361886,A63,A74,4,A92,A101,1,A123,-0.6138796089263456,A143,A152,1,A173,1,A191,-1.1231980925055796,0
A14,1.7163736083974277,A32,A49,0.8915354714726819,A61,A71,3,A93,A101,2,A123,-0.06547718748089627,A141,A151,1,A174,1,A192,0.217743780950356,1
A14,1.2208750601667522,A33,A40,1.9410221370995016,A61,A75,2,A93,A101,2,A123,0.9697422583438209,A143,A152,2,A173,2,A192,1.4941871038874694,0
A12,-1.1668539960830453,A31,A41,0.9657250585990211,A61,A75,2,A92,A101,4,A124,2.629947531542403,A141,A153,1,A174,2,A192,1.9350820643463529,1
A14,0.5225090802725286,A34,A41,-0.13449166538231827,A65,A74,4,A93,A101,4,A123,0.8180002436191302,A143,A152,2,A173,2,A192,-0.32336420691965295,0
A14,-0.287016914759522,A34,A43,-0.7995597380605928,A63,A73,2,A94,A101,2,A122,1.1148846674297157,A143,A152,2,A172,1,A191,-1.0978319025680459,0
A11,-1.8652199759772696,A32,A40,-0.7435905926654044,A65,A71,4,A92,A101,3,A122,2.6747502104665277,A143,A152,1,A174,1,A192,0.4613975213114432,0
A14,-0.6713554478523704,A32,A43,0.30265590228684913,A61,A73,2,A93,A101,4,A123,1.4523181773692513,A143,A152,1,A173,1,A192,0.6546957967622816,0
A12,0.5225090802725286,A34,A41,1.5027329726823309,A64,A75,2,A92,A101,4,A124,-0.4967535750214654,A143,A151,1,A173,1,A191,1.3530632163698175,0
A14,-0.287016914759522,A32,A42,-0.1410053657186107,A65,A74,1,A92,A101,4,A121,-0.06547718748089627,A141,A151,1,A172,1,A191,-0.43994020670544876,0
A12,1.6052135932596008,A34,A43,0.8650121300847967,A61,A72,4,A93,A101,2,A122,-0.9921423676100591,A143,A152,2,A172,1,A191,0.5283722363287824,1
A14,-0.6713554478523704,A34,A42,-0.8580520272136366,A61,A72,2,A92,A101,4,A122,-1.4188181348986153,A143,A151,2,A172,1,A191,-0.8742175245820024,0
A14,0.5225090802725286,A34,A40,-0.8284763527297319,A64,A75,4,A92,A101,4,A121,0.3163959008835338,A143,A152,2,A173,1,A192,-1.2374980784363525,0
A14,2.1007121414902756,A32,A40,1.2785193698690258,A65,A73,4,A93,A101,4,A124,0.034164524282470375,A143,A153,1,A173,2,A192,0.9131837962382038,0
A12,-0.6713554478523704,A32,A40,-0.8946684354427308,A61,A75,1,A91,A101,1,A121,1.043102342472338,A143,A151,2,A173,1,A191,-1.0964336464681104,1
A11,-0.6713554478523704,A33,A40,-0.7722386441248149,A61,A73,4,A93,A101,2,A121,0.8180002436191302,A143,A152,2,A172,2,A191,-0.45874231601239773,0
A11,-1.8652199759772696,A34,A43,-0.2846102036767143,A61,A74,1,A92,A101,4,A123,-0.274154475508948,A143,A152,1,A173,1,A191,0.7978763928381273,0
A12,-0.6713554478523704,A32,A42,0.2771013378526807,A61,A72,3,A92,A101,1,A121,0.034164524282470375,A143,A151,1,A174,1,A191,0.7789346858840417,0
A14,-0.6713554478523704,A34,A40,-0.9599481170646555,A63,A73,4,A93,A101,4,A121,0.894733495760251,A143,A152,1,A173,1,A192,-0.7059978972194157,0
A14,0.02701053204185312,A34,A43,-0.017644807187083125,A61,A73,2,A92,A101,2,A123,-0.8612334532896165,A143,A152,2,A173,1,A191,-0.30240133461734614,0
A11,-0.6713554478523704,A34,A43,-2.3945791505692036,A61,A74,4,A92,A101,3,A121,1.8167980556374008,A143,A152,4,A172,1,A192,-2.595729536498361,0
A11,0.2925169551992456,A32,A43,0.4156763482902537,A64,A72,4,A92,A101,2,A123,-0.4967535750214654,A141,A152,1,A173,1,A191,0.5215890649698691,0
A11,0.5225090802725286,A32,A40,-0.6809052006176224,A61,A74,4,A92,A101,4,A123,-1.2704492881865297,A143,A151,2,A173,1,A191,-1.0431136906193192,1
A11,-0.6713554478523704,A31,A43,-0.16315817543950573,A61,A73,4,A91,A101,1,A124,-0.4967535750214654,A143,A153,1,A173,1,A191,0.34355360932374474,1
A14,0.2925169551992456,A33,A42,-0.5532997437532475,A62,A74,4,A93,A101,3,A121,0.034164524282470375,A143,A152,2,A174,1,A191,-0.7547703166938657,0
A14,0.5225090802725286,A34,A45,1.0580038861242875,A61,A75,3,A93,A101,4,A124,0.894733495760251,A143,A153,2,A173,1,A191,1.024142601601147,0
A11,-0.287016914759522,A32,A49,-1.4357829761912364,A61,A73,4,A92,A101,4,A122,-1.4188181348986153,A143,A152,1,A172,1,A191,-1.5809488751889669,0
A11,0.5225090802725286,A31,A49,0.3376074020823835,A61,A73,4,A93,A101,2,A122,-0.274154475508948,A143,A151,1,A173,1,A192,0.29849641356531575,1
A14,-0.6713554478523704,A34,A43,-1.2500804348755785,A65,A75,4,A93,A101,4,A121,2.1971154462508093,A143,A152,4,A173,1,A191,-1.0881673942818777,0
A11,-1.8652199759772696,A32,A40,2.3493137511597264,A61,A75,1,A93,A101,4,A124,2.347716154941338,A141,A152,1,A174,1,A192,4.267346463306508,1
A11,-0.6713554478523704,A31,A40,-1.624337206674528,A61,A72,4,A93,A101,2,A123,1.043102342472338,A141,A152,2,A173,1,A192,-1.581147712123744,1
A14,0.02701053204185312,A34,A41,0.3652278106021775,A65,A71,2,A93,A101,4,A124,0.4054078282982945,A143,A152,1,A174,1,A192,0.20192798961487424,0
A14,-0.6713554478523704,A34,A46,-0.24864230713869104,A65,A74,4,A92,A101,2,A123,1.985123610319398,A143,A152,1,A173,1,A191,0.23095178728339738,0
A12,1.2208750601667522,A33,A40,1.4470230999753029,A61,A73,2,A92,A101,2,A122,1.5782859368799818,A143,A151,1,A173,1,A191,0.843479299284569,0
A14,-1.8652199759772696,A31,A43,-0.4296894918338483,A63,A75,2,A93,A101,4,A122,0.9697422583438209,A141,A152,1,A172,2,A191,0.7008917706105097,0
A14,-0.6713554478523704,A34,A42,-0.2992812174030439,A61,A75,4,A93,A101,4,A121,0.8180002436191302,A143,A152,3,A173,1,A192,0.16424895661104555,0
A13,0.02701053204185312,A32,A43,-0.19309007304718526,A61,A73,4,A93,A102,2,A121,0.3163959008835338,A142,A152,1,A173,1,A191,-0.1320749185331057,1
A14,0.5225090802725286,A32,A42,0.19635686563380658,A63,A75,3,A93,A101,4,A122,1.5158962799303233,A143,A152,1,A173,1,A191,-0.11084026053149068,0
A12,0.5225090802725286,A32,A40,-0.7616607831735099,A61,A72,3,A92,A101,4,A123,-0.9921423676100591,A143,A152,1,A172,1,A192,-1.3727649085131657,1
A14,-0.287016914759522,A32,A40,1.0141478360516065,A63,A75,1,A92,A101,4,A124,0.13091765995521398,A143,A153,1,A173,1,A191,1.0816562892709747,0
A14,-1.8652199759772696,A32,A42,0.8275637596297026,A61,A72,1,A92,A101,4,A122,-0.1681852747143106,A143,A152,1,A173,1,A191,2.2628595681346306,1
A11,0.5225090802725286,A31,A43,-0.5905332071558707,A61,A74,4,A93,A103,4,A123,-1.1283959579554579,A141,A151,1,A172,1,A191,-0.9240734556313711,1
A14,0.5225090802725286,A34,A45,-0.21930720772558254,A61,A73,4,A91,A101,2,A121,-0.06547718748089627,A143,A152,2,A173,1,A192,-0.43508534644995955,0
A14,0.5225090802725286,A32,A42,0.6339787519970812,A61,A74,2,A92,A101,4,A122,-0.9921423676100591,A143,A151,1,A173,1,A192,0.20871857356948076,0
A11,-1.1668539960830453,A32,A40,-1.706972480777941,A61,A73,4,A93,A101,3,A123,-0.6138796089263456,A143,A152,1,A172,1,A191,-1.3427821152678168,1
A14,1.9192410400609765,A30,A41,1.7568332743730124,A65,A73,2,A93,A101,2,A122,0.4921074941281026,A143,A152,1,A172,2,A191,0.8833343332155112,0
A14,0.5225090802725286,A32,A41,0.4653534811664589,A62,A74,3,A92,A101,4,A123,-1.2704492881865297,A143,A152,1,A173,1,A191,0.2434887643950384,0
A12,-1.1668539960830453,A34,A43,-0.970029597426402,A61,A75,2,A93,A101,4,A121,0.3163959008835338,A143,A152,3,A172,1,A191,-0.6147420604230626,0
A14,-0.6713554478523704,A32,A42,-0.4401128734053151,A61,A74,3,A92,A101,4,A121,-0.274154475508948,A143,A152,1,A172,1,A191,-0.165797691641536,0
A14,-1.8652199759772696,A32,A43,-0.18815583125159996,A61,A74,2,A94,A101,2,A121,-0.4967535750214654,A143,A151,1,A173,1,A191,1.019045908987224,0
A12,-0.6713554478523704,A32,A40,-1.310051027619803,A61,A75,4,A93,A101,4,A123,0.6590297486152044,A141,A152,1,A172,2,A191,-1.1671621489528643,1
A11,1.6801115862146552,A32,A40,1.9226351353804905,A61,A72,1,A92,A101,1,A121,0.13091765995521398,A143,A152,1,A172,1,A192,0.7457242202918511,0
A12,0.02701053204185312,A33,A49,-0.0052881861255237965,A65,A75,4,A93,A101,2,A122,0.739461338491375,A143,A152,2,A173,1,A191,0.11530239266669941,0
A12,-0.6713554478523704,A34,A41,-0.3902514440373964,A62,A72,3,A93,A101,4,A122,0.894733495760251,A143,A152,1,A173,1,A191,-0.10011897812168673,0
A13,-1.8652199759772696,A34,A40,-0.8164326094033638,A61,A73,1,A93,A101,1,A121,2.629947531542403,A143,A152,3,A171,2,A191,0.0973467074290128,0
A12,0.02701053204185312,A34,A43,-0.8715320943880225,A61,A73,4,A94,A101,2,A123,-0.06547718748089627,A143,A152,1,A173,1,A191,-1.0257356042442343,1
A11,-1.8652199759772696,A34,A42,-0.34223515382863234,A61,A71,4,A93,A101,4,A124,0.2249449894622613,A143,A153,3,A174,1,A192,0.9900728766143085,0
A14,0.9068476133653771,A34,A43,1.1592809290710056,A61,A74,3,A93,A102,2,A123,0.4054078282982945,A143,A152,1,A173,1,A191,0.9462454996365999,0
A11,1.7163736083974277,A32,A44,0.29164398740119746,A61,A73,3,A93,A101,4,A123,1.5782859368799818,A143,A152,1,A173,1,A191,-0.5724481855614932,1
A12,-0.6713554478523704,A32,A43,0.23912982091124652,A61,A74,2,A92,A101,1,A121,-0.735265693778886,A143,A152,1,A173,1,A191,0.5710176641335534,0
A12,-1.1668539960830453,A32,A42,-0.2370842532389275,A65,A74,2,A93,A101,1,A123,-1.1283959579554579,A143,A152,1,A173,1,A192,0.35071175622120027,0
A14,0.02701053204185312,A34,A43,-0.5606614629973071,A64,A75,4,A93,A101,4,A123,1.043102342472338,A143,A152,2,A173,1,A191,-0.6162490853121907,0
A11,0.5225090802725286,A32,A43,-0.29727083120888737,A61,A72,4,A91,A101,3,A122,-0.1681852747143106,A143,A152,1,A173,1,A191,-0.5377809682289842,1
A11,1.7163736083974277,A34,A41,1.1998341275281241,A61,A75,4,A92,A101,4,A124,1.8167980556374008,A142,A153,2,A172,1,A191,0.9308202662549596,1
A11,-0.6713554478523704,A32,A46,-1.4536155420172847,A61,A72,4,A92,A101,4,A122,1.5158962799303233,A143,A152,1,A173,1,A191,-1.356268894031357,1
A12,0.5225090802725286,A34,A49,0.19177133425901932,A65,A74,4,A93,A101,3,A124,0.034164524282470375,A143,A152,2,A173,2,A192,0.10639752187982122,0
A12,-0.6713554478523704,A34,A42,0.5124814806500451,A61,A75,1,A93,A101,4,A123,-0.6138796089263456,A143,A151,3,A173,1,A192,0.7570991822156796,0
A14,1.2208750601667522,A34,A40,1.295702521845202,A61,A75,4,A93,A101,4,A123,0.034164524282470375,A143,A152,2,A174,1,A192,1.2418771858612365,0
A14,0.02701053204185312,A32,A49,-0.28926028707647944,A61,A74,4,A93,A101,1,A123,0.034164524282470375,A142,A152,2,A173,1,A192,-0.25875271370350345,0
A14,-0.6713554478523704,A34,A46,0.15590929609122145,A61,A75,2,A92,A101,4,A124,1.7587487757160152,A141,A153,3,A172,1,A191,0.4613975213114432,0
A12,1.7163736083974277,A30,A40,1.5994049087471771,A63,A72,1,A92,A101,1,A123,-0.38359868907389816,A143,A152,2,A173,1,A191,0.29555829164145725,0
A14,-0.6713554478523704,A31,A48,0.45000914516614343,A63,A73,4,A92,A101,3,A121,0.13091765995521398,A143,A152,1,A172,2,A191,1.1512328375430336,0
A14,-0.6713554478523704,A32,A49,-1.0608477351016268,A61,A73,2,A94,A101,2,A121,-0.8612334532896165,A143,A152,1,A173,1,A192,-1.141345069264864,0
A12,0.02701053204185312,A32,A46,-0.8778012081686559,A65,A73,4,A93,A101,4,A124,1.985123610319398,A143,A153,1,A173,1,A191,-1.033993436665831,0
A11,-0.9853828946537456,A34,A40,-0.1087589712758815,A61,A72,1,A93,A101,3,A121,1.18515567270341,A143,A151,2,A172,2,A191,0.21964020087268465,0
A14,1.0710081928626038,A34,A41,1.4153853026825813,A61,A74,3,A93,A101,2,A123,0.13091765995521398,A143,A152,2,A174,1,A192,1.1997832098715782,0
A11,0.02701053204185312,A32,A40,-1.187429879428768,A61,A72,1,A92,A101,2,A123,-1.2704492881865297,A143,A152,1,A172,1,A191,-2.0859507135939066,1
A14,1.2208750601667522,A32,A43,0.5045642379466535,A61,A75,4,A93,A101,2,A123,-0.6138796089263456,A143,A152,1,A173,1,A191,0.19977018328523333,0
A11,-0.9853828946537456,A32,A43,-0.06659982108864182,A61,A75,3,A93,A101,4,A121,1.4523181773692513,A143,A152,1,A172,1,A191,0.5607301852972324,0
A11,1.7163736083974277,A32,A41,1.8701493470495723,A61,A74,4,A93,A101,4,A124,0.4921074941281026,A142,A153,3,A173,2,A192,1.8137761267074755,1
A14,0.5225090802725286,A32,A43,-0.8044996147100476,A62,A74,4,A94,A101,3,A122,-0.8612334532896165,A143,A152,1,A173,1,A192,-1.2059153234391904,0
A14,-1.8652199759772696,A34,A43,-0.5838353650418738,A61,A74,1,A92,A101,2,A123,-1.1283959579554579,A143,A151,2,A173,1,A192,0.40372957634358686,0
A11,0.5225090802725286,A32,A42,-0.43191603632422326,A61,A72,4,A93,A102,1,A122,-1.1283959579554579,A143,A152,1,A172,1,A191,-0.7151389775298786,0
A12,1.2208750601667522,A34,A40,0.18947247798239555,A61,A72,4,A91,A101,4,A123,-0.735265693778886,A143,A152,2,A173,1,A191,-0.21527651107351897,1
A12,1.2208750601667522,A33,A49,0.7828997816680296,A61,A73,2,A91,A101,2,A121,-0.38359868907389816,A142,A152,2,A174,1,A192,-0.03132043505715837,1
A11,0.9068476133653771,A32,A41,0.595852120741096,A61,A73,4,A91,A101,4,A122,0.576611994167249,A143,A152,1,A174,1,A192,0.45468236103507403,0
A14,-0.287016914759522,A33,A41,0.5042032130371641,A61,A72,1,A92,A101,2,A122,1.043102342472338,A143,A152,2,A172,1,A191,0.40994456278160823,0
A14,1.2208750601667522,A32,A43,-0.07559997179833321,A63,A75,4,A93,A101,4,A123,0.4921074941281026,A143,A152,1,A173,1,A191,-0.5644365273797163,0
A11,1.2208750601667522,A34,A42,1.0255536297851802,A61,A73,3,A93,A103,2,A122,-0.6138796089263456,A143,A152,2,A173,1,A191,0.6131636930537656,0
A12,0.5225090802725286,A34,A410,2.0620460313982987,A61,A73,2,A93,A102,3,A123,0.4921074941281026,A143,A152,2,A174,2,A192,2.0898042728737325,1
A13,-0.6713554478523704,A32,A40,-0.7858272921492656,A61,A72,4,A93,A101,1,A121,-0.8612334532896165,A143,A152,1,A173,1,A191,-0.4766416207863233,0
A11,-0.6713554478523704,A34,A41,-0.6074306337688637,A61,A75,4,A93,A101,4,A124,2.2480744431779702,A143,A153,2,A174,1,A191,-0.24165311028438857,0
A14,0.2925169551992456,A30,A40,0.9334472975642306,A65,A73,1,A92,A101,4,A122,-0.4967535750214654,A141,A152,2,A173,1,A192,0.48713641558764326,1
A14,0.5225090802725286,A32,A43,-0.6014914745289637,A61,A72,4,A92,A101,3,A123,0.4054078282982945,A142,A152,1,A173,1,A192,-0.9385079576622019,0
A11,-0.6713554478523704,A32,A42,-0.8539323284242477,A65,A75,2,A91,A101,4,A122,1.253977687520487,A143,A152,1,A172,1,A192,-0.8687909549868992,0
A14,0.5225090802725286,A34,A42,0.5686527173162774,A64,A73,4,A93,A101,4,A121,1.3214092630488086,A143,A152,1,A173,1,A192,0.6028350428769219,0
A14,-1.5997135528198776,A34,A43,-1.5643065558935558,A65,A75,4,A93,A101,2,A122,1.043102342472338,A143,A151,2,A172,1,A192,-0.8288999640303559,0
A14,0.5225090802725286,A32,A41,0.11854203582477957,A61,A75,4,A93,A101,4,A123,0.13091765995521398,A143,A152,1,A174,1,A192,0.00993807067490867,0
A14,0.02701053204185312,A32,A40,0.11464794729497958,A65,A74,4,A93,A101,3,A122,-0.1681852747143106,A143,A152,1,A173,1,A191,0.2732852472992579,0
A11,0.5225090802725286,A32,A40,-0.07334407548266367,A61,A75,4,A93,A102,1,A121,0.9697422583438209,A143,A152,1,A173,1,A191,-0.2428190823542415,1
A14,0.5225090802725286,A34,A43,-0.006893262432545491,A65,A75,4,A93,A101,4,A122,1.5158962799303233,A143,A152,2,A173,1,A191,-0.1552884205018589,0
A13,-1.1668539960830453,A32,A43,-1.0019046321947827,A62,A75,2,A91,A101,4,A121,1.253977687520487,A143,A152,1,A173,1,A191,-0.6567286481227456,0
A13,-0.287016914759522,A34,A41,-0.04161651201999631,A63,A73,2,A93,A101,2,A123,0.2249449894622613,A143,A152,1,A173,1,A192,-0.09945025489993818,0
A11,-0.5334912941681423,A34,A49,-0.39529667571946175,A61,A72,3,A93,A101,1,A122,-0.6138796089263456,A141,A152,2,A172,1,A191,-0.20629034359527954,0
A11,0.02701053204185312,A34,A43,-0.3367012263430812,A61,A74,4,A94,A101,1,A122,-0.1681852747143106,A143,A152,2,A174,1,A192,-0.3212430975272854,0
A12,0.02701053204185312,A32,A41,0.1704666497199015,A61,A73,1,A94,A101,3,A123,-1.5740902921674929,A143,A151,1,A173,1,A192,-0.2972956698431252,0
A11,1.2208750601667522,A32,A40,-0.363200133691957,A61,A72,4,A92,A101,4,A123,0.034164524282470375,A143,A152,1,A173,1,A192,-0.9432706057590787,1
A12,-0.6713554478523704,A32,A42,-1.1781557938101808,A64,A72,1,A92,A101,4,A121,-1.9081438023605732,A143,A151,1,A172,1,A191,-1.4698502378643823,0
A12,0.5225090802725286,A32,A42,0.2992775625232356,A62,A75,4,A93,A101,4,A124,-0.38359868907389816,A143,A153,1,A173,1,A191,0.24800739663218552,0
A14,0.2925169551992456,A32,A42,-0.1087589712758815,A61,A75,4,A93,A101,2,A121,1.3214092630488086,A143,A152,2,A173,1,A191,-0.1692101670239845,0
A11,0.5225090802725286,A34,A41,0.25103342357933656,A61,A75,4,A93,A101,4,A122,2.092802285909094,A143,A152,2,A173,1,A192,0.18445901823878808,0
A12,-0.6713554478523704,A32,A49,-1.1087570634537487,A62,A74,3,A93,A101,4,A121,0.4921074941281026,A143,A152,1,A172,1,A191,-1.0465524305571732,0
A14,0.5225090802725286,A32,A41,1.5120666149752273,A61,A74,3,A93,A101,3,A123,0.4054078282982945,A143,A152,1,A174,1,A192,1.6222453087696067,0
A11,-1.8652199759772696,A34,A43,-2.563536891444204,A63,A75,4,A93,A101,4,A123,1.4523181773692513,A143,A152,2,A173,1,A191,-1.9358809581520413,0
A12,0.5225090802725286,A32,A42,0.6614563864691239,A61,A74,3,A91,A101,3,A123,0.8180002436191302,A143,A152,1,A173,1,A192,0.5018003832366478,1
A12,-1.5997135528198776,A32,A43,-0.058775569822377166,A61,A72,1,A92,A103,1,A121,0.9697422583438209,A143,A152,1,A173,1,A191,0.847901667492591,0
A14,0.5225090802725286,A33,A40,-1.5876246018961504,A65,A75,4,A94,A101,4,A123,1.5782859368799818,A143,A152,2,A173,1,A192,-2.237467012503362,0
A14,0.5225090802725286,A32,A43,-0.3222859579856986,A62,A73,4,A93,A101,4,A123,-0.4967535750214654,A143,A151,1,A174,1,A192,-0.5707315146947435,0
A12,0.02701053204185312,A34,A49,0.5027581081787078,A61,A71,3,A94,A101,3,A123,0.576611994167249,A143,A152,3,A171,2,A192,0.5955568521108032,0
A14,0.02701053204185312,A32,A42,0.04093197840012381,A61,A73,3,A93,A101,4,A121,0.8180002436191302,A143,A152,1,A173,1,A192,-0.012771999633339476,0
A14,-0.6713554478523704,A32,A41,0.004300803529854708,A65,A72,2,A94,A101,4,A123,-0.8612334532896165,A143,A151,1,A173,1,A192,0.26169504835103563,0
A14,-1.8652199759772696,A32,A43,-2.009508958123978,A61,A73,3,A92,A101,1,A121,-0.4967535750214654,A143,A152,1,A173,1,A191,-1.290881023552583,0
A12,0.9068476133653771,A30,A49,0.7308955238083868,A62,A73,4,A92,A101,4,A123,-0.8612334532896165,A143,A151,2,A172,1,A191,0.6325648865711091,1
A11,0.5225090802725286,A31,A42,0.4889487498934476,A61,A74,3,A93,A101,4,A123,-0.735265693778886,A141,A152,1,A173,1,A191,0.2745690385626475,1
A13,-1.8652199759772696,A32,A40,-1.6021852486658177,A64,A72,2,A94,A101,2,A121,-0.735265693778886,A143,A152,1,A171,1,A191,-0.8435487697513708,0
A12,-1.5997135528198776,A32,A43,0.07203146153681705,A61,A73,2,A93,A103,2,A121,0.13091765995521398,A143,A152,1,A173,1,A191,1.1285259283621811,0
A11,-1.8652199759772696,A32,A41,-0.764537113930952,A63,A71,1,A92,A101,2,A122,-1.2704492881865297,A143,A151,1,A171,1,A192,0.16570474335599936,0
A14,0.9068476133653771,A34,A43,0.8045647928512826,A61,A74,4,A92,A101,4,A123,-0.8612334532896165,A143,A151,1,A174,1,A192,0.7296038779923634,0
A11,0.02701053204185312,A32,A42,0.019077584910404934,A61,A71,4,A93,A101,1,A123,-0.9921423676100591,A143,A152,1,A171,1,A191,0.14739759161798788,1
A14,-1.1668539960830453,A34,A46,-1.2417350425852582,A63,A75,4,A93,A101,2,A123,1.4523181773692513,A143,A152,2,A173,1,A192,-0.729959803330139,0
A14,-0.287016914759522,A32,A44,-0.8539323284242477,A63,A74,4,A93,A101,3,A122,0.2249449894622613,A143,A152,2,A173,1,A192,-0.8145207464636015,0
A14,0.02701053204185312,A34,A43,-0.3931320312996365,A61,A73,4,A93,A101,2,A123,-1.1283959579554579,A143,A152,2,A173,1,A191,-0.3955751557819304,0
A12,1.2208750601667522,A32,A45,-0.028486173740301168,A61,A72,4,A93,A101,1,A124,-0.06547718748089627,A143,A151,1,A172,1,A191,-0.5023770620833524,1
A14,0.5225090802725286,A32,A42,-1.251476566294576,A65,A74,4,A93,A101,2,A123,-0.274154475508948,A142,A152,1,A173,1,A192,-1.794684468753414,0
A11,-0.6713554478523704,A32,A43,-1.6678820544747943,A62,A74,4,A94,A101,1,A122,-1.7369396364916188,A143,A152,1,A173,1,A191,-1.6385060674736434,1
A14,-1.5997135528198776,A33,A43,-1.3729278807441931,A65,A75,3,A93,A101,4,A124,0.2249449894622613,A143,A153,1,A173,1,A191,-0.6729455926062939,0
A14,-1.8652199759772696,A34,A40,-0.2055083881841463,A63,A73,1,A94,A101,2,A123,-1.1283959579554579,A143,A152,1,A173,1,A191,0.902071269408973,0
A12,-1.1668539960830453,A32,A40,-0.5880174635011819,A65,A72,4,A93,A101,2,A121,0.13091765995521398,A143,A152,1,A171,1,A191,0.1311332327868014,0
A14,0.5225090802725286,A32,A43,-0.707269271523854,A61,A73,4,A94,A101,2,A122,-0.6138796089263456,A143,A152,1,A173,1,A191,-1.0778410998054957,0
A12,0.5225090802725286,A32,A40,0.47425205794615966,A62,A74,2,A93,A101,3,A123,0.4054078282982945,A141,A152,2,A173,1,A192,-0.0016773960814154228,0
A11,1.2208750601667522,A34,A41,1.7831081690728783,A61,A74,4,A93,A101,4,A123,-1.1283959579554579,A143,A152,2,A173,1,A192,1.8839000134863784,1
A13,0.02701053204185312,A32,A42,0.20956400431292915,A61,A73,2,A93,A101,1,A121,0.034164524282470375,A143,A152,1,A172,2,A191,-0.003116243338037888,1
A12,-1.3697214277465948,A32,A42,-0.8798976610136092,A61,A73,3,A92,A101,4,A121,-1.1283959579554579,A143,A152,1,A173,1,A191,-0.20990406056858826,1
A12,0.5225090802725286,A32,A41,0.6792464877490294,A63,A72,3,A92,A101,4,A123,-0.6138796089263456,A143,A151,1,A173,1,A191,0.5252339466194852,1
A14,-0.8212223151565189,A34,A43,-0.970029597426402,A62,A71,4,A92,A101,4,A121,1.7587487757160152,A143,A152,3,A172,1,A191,-0.6173779406475358,0
A14,0.5225090802725286,A32,A43,1.156881206723443,A65,A72,1,A92,A101,1,A123,0.894733495760251,A143,A152,2,A173,1,A192,0.595058989495005,1
A13,-0.287016914759522,A32,A46,-2.3711964633856155,A61,A72,4,A92,A101,4,A122,-1.2704492881865297,A143,A151,1,A173,1,A192,-2.813098759916708,0
A14,0.02701053204185312,A33,A42,-0.38737723681861036,A61,A74,4,A92,A101,1,A121,-1.4188181348986153,A143,A152,1,A173,1,A191,-0.38799479751951405,1
A14,-0.6713554478523704,A32,A43,0.2950422322990295,A64,A74,2,A91,A101,4,A121,1.985123610319398,A143,A152,1,A172,1,A191,0.6446668815004513,0
A14,0.02701053204185312,A34,A46,-0.34779278129005387,A62,A73,4,A92,A101,2,A121,-0.38359868907389816,A143,A152,2,A173,1,A191,-0.3358531692618214,1
A14,1.7163736083974277,A34,A40,1.8485458629311775,A63,A73,2,A93,A101,2,A124,0.894733495760251,A141,A153,1,A173,1,A191,1.10389849129365,1
A12,0.02701053204185312,A30,A40,-0.08750819807517002,A62,A72,3,A92,A101,3,A123,-0.6138796089263456,A143,A152,2,A173,1,A191,-0.1819565910519557,1
A11,0.02701053204185312,A32,A43,-0.771273449562812,A61,A73,4,A94,A101,3,A121,-0.8612334532896165,A141,A152,1,A173,1,A191,-0.8936724264565568,1
A11,0.02701053204185312,A32,A42,0.5242675071585108,A61,A72,1,A92,A101,4,A123,-1.4188181348986153,A143,A151,1,A173,1,A191,0.16873960939694288,0
A14,0.02701053204185312,A34,A43,1.1843205727413453,A61,A75,3,A93,A101,4,A123,-0.06547718748089627,A143,A152,2,A173,1,A192,1.493327863157922,0
A12,-0.6713554478523704,A32,A40,1.4539887851314837,A65,A71,1,A92,A101,2,A121,-1.1283959579554579,A143,A151,1,A171,1,A191,1.997275994468616,0
A12,1.7163736083974277,A31,A49,1.256260437812397,A61,A75,4,A92,A101,3,A124,1.8738549914264933,A143,A151,1,A173,1,A191,1.0051464040156086,1
A12,-0.6713554478523704,A34,A40,-0.25965358782378767,A62,A72,4,A93,A101,1,A123,-0.735265693778886,A143,A152,1,A173,1,A191,0.21644745480093522,0
A14,-0.9853828946537456,A32,A46,-1.5696505745457308,A63,A75,4,A93,A101,4,A124,1.043102342472338,A143,A153,1,A173,1,A192,-1.2924478137510542,0
A14,-0.287016914759522,A32,A43,-0.27010319862040477,A65,A75,4,A93,A101,2,A123,0.13091765995521398,A143,A152,1,A173,1,A191,-0.04548651204592068,0
A13,-0.287016914759522,A32,A43,-0.059890435895061774,A61,A72,2,A92,A101,3,A121,-0.9921423676100591,A143,A152,1,A172,1,A191,-0.12352112142520133,1
A14,-0.6713554478523704,A34,A43,-1.4503549774155575,A65,A75,4,A92,A101,3,A122,-0.06547718748089627,A141,A152,1,A172,2,A191,-1.3519739973325553,1
A14,0.5225090802725286,A32,A43,0.31441130871750944,A65,A72,4,A93,A101,2,A123,-0.9921423676100591,A143,A152,2,A173,1,A191,0.2679419431017923,0
A12,0.02701053204185312,A32,A42,-0.30667939464002003,A65,A72,4,A92,A101,3,A121,-0.735265693778886,A143,A151,1,A173,1,A191,-0.28169759494618246,1
A14,0.5225090802725286,A33,A42,0.691180926435921,A62,A73,2,A93,A101,3,A122,0.13091765995521398,A143,A152,2,A173,1,A191,0.28406669887007846,0
A14,0.02701053204185312,A32,A43,-1.0019046321947827,A65,A72,4,A92,A101,2,A121,-1.5740902921674929,A143,A151,1,A173,1,A192,-1.1974655500162086,0
A14,0.5225090802725286,A34,A41,-0.04933768074061581,A61,A74,4,A93,A101,3,A123,0.13091765995521398,A143,A152,2,A173,1,A192,-0.21119726278558937,0
A14,-0.6713554478523704,A32,A43,-1.605851081693345,A61,A73,4,A93,A101,2,A121,-0.38359868907389816,A141,A152,2,A173,1,A191,-1.5567973290295838,0
A12,0.5225090802725286,A32,A41,2.0202914614871332,A61,A73,1,A92,A101,4,A123,-1.2704492881865297,A143,A151,2,A174,1,A191,1.7323644276180732,1
A14,0.02701053204185312,A34,A43,-0.1104973560352242,A61,A73,2,A92,A101,1,A123,-0.9921423676100591,A143,A152,2,A173,1,A191,-0.4247090187871168,0
A13,-0.6713554478523704,A32,A43,0.4318114197420764,A65,A75,2,A93,A101,3,A123,0.3163959008835338,A143,A152,1,A174,1,A191,0.8248226530915856,0
A11,0.2084816334711527,A34,A40,-0.11223807263263547,A61,A73,4,A94,A103,2,A122,-0.06547718748089627,A141,A151,2,A173,1,A191,-0.12796262059231822,1
A14,0.5225090802725286,A34,A42,-0.2383634096054753,A61,A74,2,A93,A101,2,A122,-0.38359868907389816,A143,A152,2,A172,1,A191,-0.9403521941458698,0
A14,-0.8212223151565189,A34,A40,-0.7257685730915514,A61,A72,4,A92,A101,4,A123,0.13091765995521398,A143,A152,2,A174,1,A191,-0.2956312509773181,0
A14,-1.1668539960830453,A34,A42,-0.016565635375378116,A61,A71,2,A93,A101,3,A123,-0.274154475508948,A143,A152,1,A174,1,A191,0.6411843582315147,0
A11,-1.1668539960830453,A34,A40,0.17977256287794885,A61,A73,2,A93,A101,2,A121,0.2249449894622613,A143,A151,2,A173,2,A191,0.8998059107933467,0
A14,0.5225090802725286,A34,A49,0.8034184111258589,A61,A73,3,A93,A101,2,A121,2.629947531542403,A143,A152,1,A174,1,A192,0.6887962890164019,0
A12,0.2925169551992456,A32,A49,-0.9323480969528889,A61,A75,2,A92,A101,4,A122,0.4921074941281026,A143,A152,1,A173,2,A191,-1.6969743415077978,1
A11,1.4863814833241447,A33,A43,0.75790074401654,A61,A74,3,A93,A101,2,A122,-0.8612334532896165,A141,A152,2,A173,2,A192,0.13897670242945245,1
A11,2.1007121414902756,A33,A49,1.338545118207534,A61,A75,3,A93,A101,4,A124,2.092802285909094,A143,A152,2,A173,1,A192,0.6603671276873125,1
A14,-1.1668539960830453,A34,A40,-0.8936077864022478,A61,A73,3,A93,A101,1,A121,-0.38359868907389816,A143,A152,2,A173,1,A191,-0.38843459683417353,0
A14,0.02701053204185312,A32,A40,1.324228902975289,A65,A73,2,A93,A101,4,A123,2.347716154941338,A143,A151,2,A173,1,A191,1.465148053894068,1
A12,1.2208750601667522,A32,A40,2.2979568111277024,A61,A75,4,A93,A101,2,A124,1.7587487757160152,A143,A153,1,A174,1,A192,2.5620714356910947,1
A14,0.02701053204185312,A34,A43,-0.9532703800544434,A65,A73,4,A93,A101,3,A122,-0.4967535750214654,A143,A152,2,A173,1,A192,-1.133403304828495,0
A14,-0.287016914759522,A34,A42,0.4102530996798674,A61,A73,4,A93,A101,2,A124,-0.6138796089263456,A143,A153,1,A173,1,A192,0.8506957068344383,0
A12,0.5225090802725286,A33,A43,-0.5846707072199231,A62,A74,3,A92,A101,2,A122,-1.2704492881865297,A143,A151,2,A173,1,A192,-1.1396291833289394,0
A13,0.5225090802725286,A32,A40,-1.2265731661118244,A61,A74,4,A93,A101,3,A124,0.4054078282982945,A141,A153,1,A173,2,A191,-1.7618810913330822,1
A12,1.2208750601667522,A33,A49,1.813477667395082,A62,A74,1,A93,A101,3,A122,-0.274154475508948,A143,A152,2,A172,2,A192,0.9247550806462761,0
A14,0.5225090802725286,A32,A43,-0.585506587460603,A61,A74,3,A93,A101,1,A123,-0.1681852747143106,A141,A152,1,A173,2,A191,-1.1407302255485579,0
A11,1.0710081928626038,A34,A42,0.731198690269008,A63,A73,1,A92,A101,4,A123,-1.2704492881865297,A143,A152,2,A173,1,A191,-0.3902439616421703,1
A11,1.2208750601667522,A32,A40,0.37324082790378343,A61,A74,2,A93,A101,4,A124,0.4921074941281026,A141,A153,1,A174,2,A192,-0.5709333865148634,0
A14,-0.287016914759522,A32,A46,0.8309366115057735,A62,A73,3,A93,A101,2,A122,0.576611994167249,A143,A152,1,A174,1,A192,1.2365601709741152,1
A11,0.5225090802725286,A31,A42,0.024314492860062837,A63,A73,4,A93,A101,4,A121,-1.4188181348986153,A142,A152,1,A173,1,A192,-0.11418078990554227,0
A12,-0.287016914759522,A32,A45,-0.8074725920213149,A61,A75,4,A93,A101,4,A123,0.4054078282982945,A143,A152,2,A172,1,A191,-0.7533228274288316,0
A14,1.2208750601667522,A33,A49,1.7754034300563792,A61,A72,1,A91,A101,1,A123,-0.6138796089263456,A143,A152,2,A173,1,A191,0.8746027493080898,1
A14,-1.8652199759772696,A34,A40,-2.474516579958047,A62,A73,4,A92,A101,4,A123,1.4523181773692513,A143,A152,2,A172,1,A191,-1.8186211922435114,0
A11,0.02701053204185312,A32,A43,-0.29861074256054565,A65,A74,2,A94,A101,4,A123,-1.2704492881865297,A143,A151,2,A172,1,A191,-0.6724966450037517,0
A11,0.5225090802725286,A32,A42,0.6967960007056898,A61,A73,4,A93,A101,4,A122,-0.6138796089263456,A143,A152,1,A173,1,A191,0.7716285593468103,0
A12,0.5225090802725286,A33,A49,1.3631780722280147,A62,A74,4,A93,A101,4,A123,0.2249449894622613,A143,A151,1,A174,1,A192,1.6494035795398265,0
A14,-0.4058490246949788,A33,A40,-1.4422392284574808,A61,A73,4,A93,A101,2,A123,-0.735265693778886,A143,A152,2,A172,1,A191,-1.5147964556977191,0
A11,1.7163736083974277,A32,A40,1.5035690683421985,A61,A75,4,A93,A101,4,A124,0.739461338491375,A141,A153,1,A174,1,A191,1.3309074762804889,1
A12,-1.8652199759772696,A32,A43,-1.5240508767584338,A61,A73,2,A92,A103,3,A121,2.1453663559445557,A143,A152,1,A173,1,A191,-0.7406282339060788,0
A11,-1.8652199759772696,A34,A40,-1.7994846119655161,A61,A74,4,A92,A101,3,A122,0.3163959008835338,A143,A152,2,A173,1,A191,-0.9294523135220712,0
A14,-1.1668539960830453,A32,A42,-0.2694476269829261,A61,A72,2,A92,A102,2,A123,-1.9081438023605732,A143,A151,2,A173,1,A191,0.30808191629054904,1
A14,-0.9853828946537456,A32,A42,-0.12683557220912792,A61,A73,2,A93,A101,2,A121,-0.9921423676100591,A141,A151,1,A172,1,A191,0.34456371534701885,1
A12,1.3587392138509804,A34,A43,0.9151621154097148,A61,A74,2,A93,A103,2,A121,-0.9921423676100591,A143,A152,2,A173,1,A191,0.06468899929525734,1
A14,0.5225090802725286,A32,A41,0.08556238496481575,A64,A73,2,A92,A101,4,A123,-0.6138796089263456,A143,A151,1,A173,1,A192,-0.5136690899314575,0
A14,0.02701053204185312,A32,A43,-0.6533029079486399,A61,A72,3,A94,A101,4,A121,0.4921074941281026,A143,A152,1,A173,1,A192,-0.9272354394905552,0
A14,-0.8212223151565189,A32,A49,-0.16739212382431864,A64,A75,1,A91,A101,2,A121,-0.6138796089263456,A143,A152,1,A173,1,A192,-0.005043515400022969,0
A12,-0.4058490246949788,A32,A49,-0.7100274107742292,A63,A75,1,A94,A101,2,A121,0.13091765995521398,A143,A152,1,A173,1,A192,-1.086465048330791,0
A14,-0.6713554478523704,A32,A42,-1.0053667170284446,A63,A73,4,A92,A101,4,A123,-0.4967535750214654,A143,A151,1,A172,1,A191,-0.7658244054705712,1
A11,1.7163736083974277,A32,A40,0.620513905098013,A61,A74,4,A93,A101,4,A124,1.043102342472338,A143,A153,1,A173,2,A191,0.16772527664916936,1
A11,0.9068476133653771,A32,A42,-0.016565635375378116,A61,A74,4,A92,A101,4,A121,-1.2704492881865297,A143,A151,1,A173,1,A191,-0.35200952221690424,1
A14,1.7163736083974277,A34,A43,0.49841311295173923,A65,A75,4,A93,A101,1,A121,1.1148846674297157,A143,A152,1,A173,1,A192,0.006891079764283527,0
A14,-1.8652199759772696,A32,A43,-0.7703089723509768,A62,A75,2,A93,A101,4,A124,0.739461338491375,A141,A153,1,A173,2,A192,0.25221932852929796,0
A11,0.9068476133653771,A32,A43,0.04453886108803073,A61,A75,1,A93,A103,3,A122,0.4921074941281026,A143,A152,1,A173,2,A191,-1.1708078576283152,0
A12,-1.8652199759772696,A32,A43,-2.4531839785543625,A65,A75,4,A93,A101,4,A122,0.4054078282982945,A143,A152,1,A173,1,A191,-1.7905213596878253,0
A11,-1.1668539960830453,A32,A43,-0.7511684479431766,A61,A72,3,A92,A101,4,A122,-1.4188181348986153,A143,A151,1,A173,1,A191,-0.20080996145560548,1
A11,-0.6713554478523704,A32,A40,-1.5137515843733595,A61,A74,4,A93,A101,2,A121,-0.8612334532896165,A143,A152,1,A173,1,A191,-1.4354815830414982,1
